idCAS,SMILES,y_true,y_pp,MAPE
308247,[H]C1(F)C(F)(F)C(F)(F)C(F)(F)C(F)(F)C1(F)F,477.6548,-170.64,135.7245442
13776620,F/N=N/F,260.1604,534.65,105.5078329
13812436,F/N=N\F,272.1508,534.65,96.45358382
355022,FC(F)(F)C1(F)C(F)(F)C(F)(F)C(F)(F)C(F)(F)C1(F)F,485.9081,62.42,87.15394948
661972,FC(F)(F)C(F)(Cl)C(F)(F)Cl,451.85,821.84,81.88336837
10544726,O=[N+]([O-])[N+](=O)[O-],431.3595089,761.43,76.51865423
773148,FC1(F)OC(F)(F)C(F)(F)C1(F)F,399.6,97.38,75.63063063
1805227,FC(F)(F)C1(F)C(F)(F)C(F)(F)C(F)(F)C1(F)F,451.43,110.73,75.47128015
163084831,O=C1OC(F)(C(F)(F)F)C(=O)OC1(F)F,480.91,810.54,68.54297062
460195,N#CC#N,397.1282,645.09,62.43872885
425821,FC1(F)OC(F)(F)C1(F)F,361.85,139.49,61.45087744
353855,N#CC(F)(F)F,311.100667,496.92,59.7296479
10025873,O=P(Cl)(Cl)Cl,601.1080000000001,913.61,51.98766278
14049366,F[Si](F)(F)Cl,307.612208,466.73,51.72674811
7783611,F[Si](F)(F)F,259.01132,389.92,50.54168289
163084842,FC(F)(F)C(F)(F)C1(F)C(F)(F)C(F)(F)C(F)(F)C2(F)C(F)(F)C(F)(F)C(F)(F)C(F)(F)C12F,574.88,300.72,47.68995269
18356713,F[Si](F)(Cl)Cl,368.893577,528.48,43.26082994
116143,FC(F)=C(F)F,306.8825,423,37.83777179
79389,FC(F)=C(F)Cl,379.52528,518.79,36.69445155
2314978,FC(F)(F)I,396.44,540.43,36.32075472
646311,[H]C([H])([H])C([H])([H])C([H])([H])C([H])([H])C([H])([H])C([H])([H])C([H])([H])C([H])([H])C([H])([H])C([H])([H])C([H])([H])C([H])([H])C([H])([H])C([H])([H])C([H])([H])C([H])([H])C([H])([H])C([H])([H])C([H])([H])C([H])([H])C([H])([H])C([H])([H])C([H])([H])C([H])([H])[H],799.8,519.05,35.10252563
335273,FC(F)(F)C1(F)C(F)(F)C(F)(F)C(F)(F)C(F)(C(F)(F)F)C1(F)F,512.0,344.99,32.61914063
14965527,F[Si](Cl)(Cl)Cl,438.399578,579.86,32.26746309
2070704,FC(=C(F)C(F)(C(F)(F)F)C(F)(F)F)C(F)(F)F,438.99,573.04,30.5360031
684162,O=C(C(F)(F)F)C(F)(F)F,357.223,454.82,27.32102916
116154,FC(F)=C(F)C(F)(F)F,359.0,453.43,26.30362117
75638,FC(F)(F)Br,340.062976,424.77,24.90921682
79538,O=C(C(F)(F)F)C(F)(F)Cl,410.6315,510.94,24.42786294
80553011,[H]C([H])([H])C(=O)C(F)(C(F)(F)F)C(F)(F)F,467.64,581.27,24.29860577
434902,Fc1c(F)c(F)c(-c2c(F)c(F)c(F)c(F)c2F)c(F)c1F,640.15,792.19,23.75068343
13465742,Cl[Si](Cl)(Cl)Br,539.961,666.76,23.48299229
359104,[H]C(Cl)=C(F)F,400.52922,493.68,23.25692493
10026047,Cl[Si](Cl)(Cl)Cl,508.06,623.66,22.75321812
355759,FC1=C(F)C(F)(F)C(F)(F)C(F)(F)C1(F)F,461.74844,562.97,21.9213648
354961,FC(F)(F)C(F)(C(F)(F)F)C(F)(C(F)(F)F)C(F)(F)F,462.9607,563.18,21.64747461
371788,FC(F)(F)SC(F)(F)F,376.75,456.31,21.11745189
13465753,Cl[Si](Cl)(Br)Br,584.961,704.58,20.44905558
110463,[H]C([H])([H])C([H])(C([H])([H])[H])C([H])([H])C([H])([H])ON=O,476.81,571.22,19.80033976
13465764,Cl[Si](Br)(Br)Br,617.9592,738.2,19.45772472
2356618,[H]C(F)(F)C(F)(F)OC(F)(F)F,387.765,462.51,19.27585006
115253,FC1(F)C(F)(F)C(F)(F)C1(F)F,388.411312,314.03,19.15014051
53772784,FC(F)(F)OC(F)(F)OC(F)(F)F,372.35,442.04,18.71626158
22052842,[H]C([H])([H])OC(F)(C(F)(F)F)C(F)(F)F,433.3,511.91,18.14216478
354927,FC(F)(F)C(F)(C(F)(F)F)C(F)(F)F,395.36992000000004,465.44,17.72266337
1522221,[H]C([H])(C(=O)C(F)(F)F)C(=O)C(F)(F)F,485.06,568.69,17.24116604
1511622,[H]C(F)(F)Br,411.98,482.97,17.231419
431630,[H]C(F)(F)C([H])(F)C(F)(F)F,412.3925,481.26,16.69950351
68122,[H]C(=O)N(C([H])([H])[H])C([H])([H])[H],649.6,545.1,16.08682266
359353,[H]C(F)(F)C([H])(F)F,391.77,454.56,16.02726089
75387,[H]C([H])=C(F)F,302.72416400000003,351.21,16.0165067
420462,[H]C([H])([H])C(F)(F)F,345.88,291.29,15.7829305
75467,[H]C(F)(F)F,299.00459900000004,346.14,15.76410569
76051,[H]OC(=O)C(F)(F)F,491.29025199999995,567.76,15.56508555
755259,FC(F)=C(F)C(F)(F)C(F)(F)C(F)(F)C(F)(F)F,454.34548,524.65,15.47380201
56815,[H]OC([H])([H])C([H])(O[H])C([H])([H])O[H],850.0,723,14.94117647
123637,[H]C([H])([H])C1([H])OC([H])(C([H])([H])[H])OC([H])(C([H])([H])[H])O1,563.182,646.99,14.88115742
306832,[H]C(Cl)(Cl)C(F)(F)F,456.8855,524.67,14.8362117
102687650,[H]/C(Cl)=C(/[H])C(F)(F)F,438.75,502.13,14.44558405
354336,[H]C(F)(F)C(F)(F)F,339.2,387.55,14.25412736
865714,FC(F)(F)C(F)(F)C(F)(C(F)(F)F)C(F)(F)C(F)(F)F,449.961,512.99,14.00765844
355635,FC(F)=C(F)C(F)(F)C(F)(F)C(F)(F)C(F)(F)C(F)(F)F,478.155,544.23,13.81874078
504632,[H]OC([H])([H])C([H])([H])C([H])([H])O[H],718.2,620.09,13.66054024
374414,[H]C([H])([H])C(=O)C(F)(F)C(F)(F)F,453.03,514.87,13.65031013
267901020,[H]C(F)(F)OC(F)(OC([H])(F)F)C(F)(F)F,449.81,510.77,13.55238879
75887,[H]C([H])(Cl)C(F)(F)F,425.01,481.71,13.34086257
355044,FC(F)(F)C(F)(F)C(F)(F)C(F)(C(F)(F)F)C(F)(F)F,454.63,512.99,12.83681235
107211,[H]OC([H])([H])C([H])([H])O[H],718.5,626.86,12.75434934
431890,[H]C(F)(C(F)(F)F)C(F)(F)F,375.0,422.56,12.68266667
107108,[H]N([H])C([H])([H])C([H])([H])C([H])([H])[H],496.96214000000003,559.84,12.65244471
2706903,[H]OC(=O)C(F)(F)C(F)(F)C(F)(F)C(F)(F)F,545.511,613.74,12.50735549
106934,[H]C([H])(Br)C([H])([H])Br,649.0,568.21,12.44838213
378723,[H]C([H])([H])C([H])([H])C(=O)C(F)(F)C(F)(F)F,475.54,534.62,12.42377087
406586,[H]C([H])([H])C(F)(F)C([H])([H])C(F)(F)F,459.9,402.92,12.38964992
355179,[H]C([H])([H])C(=O)C(F)(F)C(F)(F)C(F)(F)F,476.55,535.26,12.31979855
126841,[H]C([H])([H])C([H])([H])OC(OC([H])([H])C([H])([H])[H])(C([H])([H])[H])C([H])([H])[H],510.7,572.21,12.04425299
75796,[H]C([H])([H])[Si](Cl)(Cl)Cl,517.71,579.71,11.97581658
176674310,[H]C(F)(F)C([H])([H])N(C(F)(F)F)C(F)(F)F,460.2,515.29,11.97088223
65064780,[H]C(F)(F)C(F)(F)C([H])([H])OC(F)(F)C([H])(F)C(F)(F)F,516.21,577.37,11.84789136
75547,[H]C([H])([H])[Si]([H])(Cl)Cl,475.0,531.19,11.82947368
7719122,ClP(Cl)Cl,563.8430000000001,630.31,11.78821055
110634,[H]OC([H])([H])C([H])([H])C([H])([H])C([H])([H])O[H],725.4,640.27,11.73559415
76028,O=C(Cl)C(Cl)(Cl)Cl,604.0,674.88,11.73509934
1120725,[H]C([H])([H])C1([H])C(=O)C([H])([H])C([H])([H])C1([H])[H],630.8,704.16,11.6296766
75683,[H]C([H])([H])C(F)(F)Cl,410.3,363.2,11.47940531
665167,FC(F)(F)OC(F)(F)C(F)(F)F,356.85,397.21,11.31007426
120923,[H]C1([H])C(=O)C([H])([H])C([H])([H])C1([H])[H],624.45855,694.64,11.23876837
1000288,[H]C([H])(OC(F)(F)C([H])(F)C(F)(F)F)C(F)(F)C(F)(F)F,486.48,540.36,11.07548101
678182,[H]C([H])([H])C(=O)C(F)(F)C(F)(F)C(F)(F)C(F)(F)F,498.97,553.99,11.02671503
75456,[H]C(F)(F)Cl,369.25,409.89,11.00609343
107120,[H]C([H])([H])C([H])([H])C#N,561.261,622.06,10.83257166
111466,[H]OC([H])([H])C([H])([H])OC([H])([H])C([H])([H])O[H],753.0,672.72,10.66135458
401785,[H]c1c([H])c(Br)c([H])c(C(F)(F)F)c1[H],627.1,693.94,10.65858715
2163420,[H]OC([H])([H])C([H])(C([H])([H])[H])C([H])([H])O[H],708.0,633.04,10.58757062
4394858,[H]C(=O)N1C([H])([H])C([H])([H])OC([H])([H])C1([H])[H],779.3,697.97,10.43628898
79094,[H]OC(=O)C([H])([H])C([H])([H])[H],601.705,664.31,10.40460026
75252,[H]C(Br)(Br)Br,682.02446,612.01,10.26568167
1992489,[H]C([H])([H])C([H])(O[Si](OC([H])(C([H])([H])[H])C([H])([H])[H])(OC([H])(C([H])([H])[H])C([H])([H])[H])OC([H])(C([H])([H])[H])C([H])([H])[H])C([H])([H])[H],587.0,647.25,10.26405451
354518,FC(F)(Br)C(F)(Cl)Br,560.611,617.82,10.20475874
402437,[H]c1c([H])c(C(F)(F)F)c([H])c([H])c1Br,629.8,693.94,10.18418546
1814886,[H]C([H])([H])C(F)(F)C(F)(F)F,380.085392,341.48,10.15703124
109739,[H]N([H])C([H])([H])C([H])([H])C([H])([H])C([H])([H])[H],531.86019,585.72,10.12668574
503742,[H]OC(=O)C([H])([H])C([H])(C([H])([H])[H])C([H])([H])[H],628.9581,692.58,10.1154433
50807744,[H]C(F)(F)C(F)(F)OC([H])([H])C(F)(F)C(F)(F)F,473.01,519.96,9.925794381
78751,[H]C([H])([H])C([H])(Br)C([H])([H])Br,652.0,587.47,9.897239264
84151,[H]c1c([H])c([H])c(-c2c([H])c([H])c([H])c([H])c2-c2c([H])c([H])c([H])c([H])c2[H])c([H])c1[H],857.1708,941.6,9.849752231
59426776,FC(F)(F)OC(F)(F)C(F)(F)C(F)(F)F,391.7,430.19,9.826397753
16627682,[H]C(F)(F)C(F)(F)OC([H])([H])C(F)(F)C([H])(F)F,510.07,560.11,9.810418178
109740,[H]C([H])([H])C([H])([H])C([H])([H])C#N,585.4,642.08,9.682268534
533982,[H]C([H])([H])C([H])([H])C([H])(Br)C([H])([H])Br,676.0,610.57,9.678994083
107926,[H]OC(=O)C([H])([H])C([H])([H])C([H])([H])[H],621.1293,681.11,9.656717208
56860812,[H]C(F)(F)OC([H])([H])C(F)(F)C(F)(F)F,455.1,498.11,9.450670182
335488,FC(F)(Br)C(F)(F)C(F)(F)C(F)(F)Br,532.4613501,582.64,9.423904642
993953,[H]C([H])(OC(F)(F)C([H])(F)C(F)(F)F)C(F)(F)F,475.74,520.43,9.393786522
353593,FC(F)(Cl)Br,427.73584000000005,467.86,9.380593406
75694,FC(Cl)(Cl)Cl,471.1522,514.67,9.236463291
108463,[H]Oc1c([H])c([H])c([H])c(O[H])c1[H],836.0,760.06,9.083732057
109977,[H]c1c([H])c([H])n([H])c1[H],639.734345,581.8,9.056000425
107880,[H]OC([H])([H])C([H])([H])C([H])(O[H])C([H])([H])[H],684.2,622.68,8.991522947
109524,[H]OC(=O)C([H])([H])C([H])([H])C([H])([H])C([H])([H])[H],639.7,696.77,8.921369392
269716576,[H]C1(C(F)(F)F)OC(F)(F)C(F)(F)O1,435.06,473.47,8.82866731
629118,[H]OC([H])([H])C([H])([H])C([H])([H])C([H])([H])C([H])([H])C([H])([H])O[H],740.8,676.03,8.74325054
110009,[H]c1oc([H])c([H])c1[H],490.20982000000004,533.05,8.739151737
64197,[H]OC(=O)C([H])([H])[H],594.486,646.2,8.698943289
66670222,[H]C([H])([H])OC(C(F)(F)F)(C(F)(F)F)C(F)(F)F,462.72,502.65,8.629408714
105599,[H]OC([H])([H])C([H])([H])N(C([H])([H])[H])C([H])([H])C([H])([H])O[H],741.9,678.16,8.591454374
635110,[H]c1c(C([H])(C([H])([H])[H])C([H])([H])[H])c(C([H])(C([H])([H])[H])C([H])([H])[H])c([H])c(C([H])(C([H])([H])[H])C([H])([H])[H])c1C([H])(C([H])([H])[H])C([H])([H])[H],703.0,763.21,8.564722617
1613510,[H]C1([H])SC([H])([H])C([H])([H])C([H])([H])C1([H])[H],684.0,625.59,8.539473684
115219,[H]C([H])([H])C([H])([H])[Si](Cl)(Cl)Cl,559.911,607.43,8.486884523
156605,[H]/C(Cl)=C(/[H])Cl,515.48,559.19,8.47947544
702794,[H]C([H])([H])C12C([H])([H])C3([H])C([H])([H])C([H])(C1([H])[H])C([H])([H])C(C([H])([H])[H])(C3([H])[H])C2([H])[H],708.0,648.45,8.411016949
112276,[H]OC([H])([H])C([H])([H])OC([H])([H])C([H])([H])OC([H])([H])C([H])([H])O[H],797.0,730.82,8.303638645
313724,Fc1c(F)c(F)c2c(F)c(F)c(F)c(F)c2c1F,673.07802,728.92,8.296509222
75718,FC(F)(Cl)Cl,384.92618,416.74,8.264914587
110598,[H]C([H])([H])C([H])([H])C([H])([H])C([H])([H])C#N,610.2599700000001,660.51,8.234200582
142621,[H]OC(=O)C([H])([H])C([H])([H])C([H])([H])C([H])([H])C([H])([H])[H],657.65,711.44,8.179122634
50807777,[H]C(F)(F)C([H])([H])OC(F)(F)C([H])(F)F,501.08,541.88,8.142412389
624204,[H]C([H])([H])C([H])([H])C([H])([H])C([H])([H])C([H])(Br)C([H])([H])Br,708.0,650.82,8.076271186
690391,[H]C([H])(C(F)(F)F)C(F)(F)F,398.07,366.55,7.918205341
100516,[H]OC([H])([H])c1c([H])c([H])c([H])c([H])c1[H],715.0,658.89,7.847552448
375611,[H]C(F)(F)C(F)(F)C(F)(F)C(F)(F)C(F)(F)F,443.94132,478.14,7.703423507
42474215,[H]C([H])([H])C([H])([H])C([H])([H])C([H])([H])C([H])([H])C([H])(Br)C([H])([H])Br,724.0,668.59,7.653314917
108941,[H]C1([H])C(=O)C([H])([H])C([H])([H])C([H])([H])C1([H])[H],664.9,715.26,7.574071289
87854,[H]C([H])([H])c1c(C([H])([H])[H])c(C([H])([H])[H])c(C([H])([H])[H])c(C([H])([H])[H])c1C([H])([H])[H],757.9266,701.43,7.454099117
78842,[H]C(=O)C([H])(C([H])([H])[H])C([H])([H])[H],543.61,503.1,7.452033627
918843,[H]C([H])([H])C([H])([H])C(Cl)(C([H])([H])[H])C([H])([H])C([H])([H])[H],528.0,567.24,7.431818182
406780,[H]C(F)(F)C(F)(F)OC([H])([H])C(F)(F)F,463.89,498.11,7.376748798
6269927,[H]C([H])([H])C([H])([H])C([H])([H])C([H])([H])C([H])([H])C([H])([H])C([H])(Br)C([H])([H])Br,739.0,685.09,7.294993234
111411,[H]OC([H])([H])C([H])([H])N([H])C([H])([H])C([H])([H])N([H])[H],739.2,685.39,7.279491342
106434,[H]c1c([H])c(C([H])([H])[H])c([H])c([H])c1Cl,615.98672,660.27,7.188999139
92524,[H]c1c([H])c([H])c(-c2c([H])c([H])c([H])c([H])c2[H])c([H])c1[H],770.7859,826.03,7.167243199
67663,[H]C(Cl)(Cl)Cl,536.1679325,574.42,7.134344518
26675467,[H]C(F)(F)OC([H])(Cl)C(F)(F)F,467.76022,501.13,7.133949954
374072,FC(F)(F)C(F)(Cl)Cl,418.6331,447.95,7.003005735
111148,[H]OC(=O)C([H])([H])C([H])([H])C([H])([H])C([H])([H])C([H])([H])C([H])([H])[H],677.8,725.23,6.997639422
106490,[H]c1c([H])c(C([H])([H])[H])c([H])c([H])c1N([H])[H],667.1792,713.63,6.962267409
628739,[H]C([H])([H])C([H])([H])C([H])([H])C([H])([H])C([H])([H])C#N,633.75762,677.58,6.914690825
428591,FC(F)(F)C1(F)OC1(F)F,359.4,384.24,6.911519199
2837890,[H]C(F)(Cl)C(F)(F)F,395.43,422.54,6.855827833
288426,[H]c1nc([H])c([H])o1,550.8,588.49,6.842774147
92068,[H]c1c([H])c([H])c(-c2c([H])c([H])c([H])c(-c3c([H])c([H])c([H])c([H])c3[H])c2[H])c([H])c1[H],882.5985,942.57,6.794878985
534225,[H]c1oc(C([H])([H])[H])c([H])c1[H],528.022455,563.37,6.694326096
625605,[H]C([H])([H])C(=O)SC([H])([H])C([H])([H])[H],590.55,629.93,6.668360003
78104,[H]C([H])([H])C([H])([H])O[Si](OC([H])([H])C([H])([H])[H])(OC([H])([H])C([H])([H])[H])OC([H])([H])C([H])([H])[H],587.0,626.11,6.662691652
75763,[H]C([H])([H])[Si](C([H])([H])[H])(C([H])([H])[H])C([H])([H])[H],450.361,420.45,6.641560881
1885489,[H]C(F)(F)OC([H])([H])C(F)(F)F,444.88,473.97,6.538841935
754121,[H]C([H])=C(F)C(F)(F)F,367.85,391.8,6.510806035
553902,[H]C([H])([H])OC(=O)C(=O)OC([H])([H])[H],633.59275,592.59,6.471467674
111262,[H]N([H])C([H])([H])C([H])([H])C([H])([H])C([H])([H])C([H])([H])C([H])([H])[H],592.3,630.12,6.385277731
124072,[H]OC(=O)C([H])([H])C([H])([H])C([H])([H])C([H])([H])C([H])([H])C([H])([H])C([H])([H])[H],693.9468,738.24,6.382794762
355373,[H]C(F)(F)C(F)(F)C(F)(F)C(F)(F)C(F)(F)C(F)(F)F,471.75244000000004,501.86,6.382067679
110894,[H]N1C([H])([H])C([H])([H])C([H])([H])C([H])([H])C1([H])[H],594.136,631.99,6.371268531
1717006,[H]C([H])([H])C(F)(Cl)Cl,477.3,447.18,6.310496543
111013,[H]C([H])([H])C([H])(C([H])([H])[H])C([H])([H])C([H])([H])C([H])([H])C([H])(C([H])([H])[H])C([H])([H])C([H])([H])C([H])([H])C([H])(C([H])([H])[H])C([H])([H])C([H])([H])C([H])([H])C([H])([H])C([H])(C([H])([H])[H])C([H])([H])C([H])([H])C([H])([H])C([H])(C([H])([H])[H])C([H])([H])C([H])([H])C([H])([H])C([H])(C([H])([H])[H])C([H])([H])[H],795.9,846.03,6.298529966
56235,ClC(Cl)(Cl)Cl,556.361,591.37,6.292497138
77769,[H]C([H])([H])OC(OC([H])([H])[H])(C([H])([H])[H])C([H])([H])[H],509.8,541.75,6.267163594
112378,[H]OC(=O)C([H])([H])C([H])([H])C([H])([H])C([H])([H])C([H])([H])C([H])([H])C([H])([H])C([H])([H])C([H])([H])C([H])([H])[H],728.0,773.4,6.236263736
347148747,[H]C([H])(C(F)(F)F)C(F)(OC(F)(F)F)C(F)(F)F,447.4,475.07,6.184622262
89838,[H]Oc1c([H])c(C([H])([H])[H])c([H])c([H])c1C([H])(C([H])([H])[H])C([H])([H])[H],698.27047,740.69,6.074942565
994490,[H]C([H])([H])C([H])([H])[Si](O[Si](C([H])([H])C([H])([H])[H])(C([H])([H])C([H])([H])[H])C([H])([H])C([H])([H])[H])(C([H])([H])C([H])([H])[H])C([H])([H])C([H])([H])[H],692.9471,651.4,5.995710206
110010,[H]C1([H])SC([H])([H])C([H])([H])C1([H])[H],632.035115,594.5,5.938770506
7789608,BrP(Br)Br,711.091655,753.31,5.937117206
4766578,[H]C([H])([H])C([H])([H])C([H])([H])C([H])([H])O[Si](OC([H])([H])C([H])([H])C([H])([H])C([H])([H])[H])(OC([H])([H])C([H])([H])C([H])([H])C([H])([H])[H])OC([H])([H])C([H])([H])C([H])([H])C([H])([H])[H],682.0,722.23,5.898826979
594365,[H]C([H])([H])C([H])([H])C(Cl)(C([H])([H])[H])C([H])([H])[H],509.1,539.08,5.888823414
56337,[H]c1c([H])c([H])c([Si](O[Si](c2c([H])c([H])c([H])c([H])c2[H])(C([H])([H])[H])C([H])([H])[H])(C([H])([H])[H])C([H])([H])[H])c([H])c1[H],750.0,793.79,5.838666667
123751,[H]N1C([H])([H])C([H])([H])C([H])([H])C1([H])[H],568.63309,601.82,5.836260778
119368,[H]Oc1c([H])c([H])c([H])c([H])c1C(=O)OC([H])([H])[H],709.1666,750.24,5.791784328
98057273,[H]OC([H])(F)C(F)(F)C(F)(F)C(F)(F)C(F)(F)C(F)(F)C([H])([H])F,589.15,623.13,5.767631333
106945,[H]C([H])([H])C([H])([H])C([H])([H])Br,536.94,506.01,5.760420159
558305,[H]C([H])([H])C1(C([H])([H])[H])OC1([H])[H],499.9,528.68,5.75715143
679867,[H]C([H])(F)C(F)(F)C([H])(F)F,447.57,473.28,5.744352839
392836,[H]c1c([H])c([H])c(C(F)(F)F)c(Br)c1[H],656.5,693.94,5.702970297
29118249,[H]/C(F)=C(/[H])C(F)(F)F,382.51,404.3,5.696583096
551622,[H]c1c([H])c(F)c(F)c(F)c1F,550.7909999999999,581.73,5.617194181
375837,[H]C(F)(F)C(F)(F)C(F)(F)C(F)(F)C(F)(F)C(F)(F)C(F)(F)F,495.76178,523.38,5.570865104
143077,[H]OC(=O)C([H])([H])C([H])([H])C([H])([H])C([H])([H])C([H])([H])C([H])([H])C([H])([H])C([H])([H])C([H])([H])C([H])([H])C([H])([H])[H],743.0,784.02,5.520861373
344070,Fc1c(F)c(F)c(Cl)c(F)c1F,569.8254,600.99,5.469148971
112050,[H]OC(=O)C([H])([H])C([H])([H])C([H])([H])C([H])([H])C([H])([H])C([H])([H])C([H])([H])C([H])([H])[H],711.9414,750.57,5.425811731
75729,FC(F)(F)Cl,301.87343599999997,318.06,5.362036559
544638,[H]OC(=O)C([H])([H])C([H])([H])C([H])([H])C([H])([H])C([H])([H])C([H])([H])C([H])([H])C([H])([H])C([H])([H])C([H])([H])C([H])([H])C([H])([H])C([H])([H])[H],763.0,803.91,5.361730013
334485,[H]OC(=O)C([H])([H])C([H])([H])C([H])([H])C([H])([H])C([H])([H])C([H])([H])C([H])([H])C([H])([H])C([H])([H])[H],723.7686,762.26,5.318191477
682019,[H]C([H])([H])C([H])([H])C([H])([H])O[Si](OC([H])([H])C([H])([H])C([H])([H])[H])(OC([H])([H])C([H])([H])C([H])([H])[H])OC([H])([H])C([H])([H])C([H])([H])[H],649.0,683.49,5.314329738
156053882,[H]C([H])(OC(F)(F)C(F)(F)F)C(F)(F)F,421.68,444.06,5.30734206
631367,[H]C([H])([H])C([H])([H])[Si](C([H])([H])C([H])([H])[H])(C([H])([H])C([H])([H])[H])C([H])([H])C([H])([H])[H],606.0,574.03,5.275577558
107313,[H]C(=O)OC([H])([H])[H],487.1586,461.47,5.273149237
3938952,[H]C([H])([H])C([H])([H])OC(=O)C(C([H])([H])[H])(C([H])([H])[H])C([H])([H])[H],565.5,594.81,5.183023873
108598,[H]C([H])([H])OC(=O)C([H])([H])C(=O)OC([H])([H])[H],647.0,613.5,5.177743431
109762,[H]N([H])C([H])([H])C([H])([H])C([H])([H])N([H])[H],632.0,599.47,5.147151899
57041675,[H]C(F)(F)OC([H])(F)C(F)(F)F,428.95,450.89,5.114815247
57556,[H]OC([H])([H])C([H])(O[H])C([H])([H])[H],676.4,641.94,5.094618569
6382123,[H]C([H])([H])C([H])([H])C([H])([H])C([H])([H])C([H])([H])O[Si](OC([H])([H])C([H])([H])C([H])([H])C([H])([H])C([H])([H])[H])(OC([H])([H])C([H])([H])C([H])([H])C([H])([H])C([H])([H])[H])OC([H])([H])C([H])([H])C([H])([H])C([H])([H])C([H])([H])[H],714.0,750.29,5.082633053
124129,[H]C([H])([H])C([H])([H])C([H])([H])C([H])([H])C([H])([H])C([H])([H])C([H])([H])C#N,674.35168,708.34,5.040147598
638675,[H]C([H])([H])C([H])([H])C([H])([H])C([H])([H])C([H])([H])C([H])([H])C([H])([H])C([H])([H])C([H])([H])C([H])([H])C([H])([H])C([H])([H])C([H])([H])C([H])([H])C([H])([H])C([H])([H])C([H])([H])C([H])([H])C([H])([H])C([H])([H])C([H])([H])C([H])([H])C([H])([H])[H],789.7,750.52,4.961377738
106990,[H]C([H])=C([H])C([H])=C([H])[H],425.1348,445.99,4.905549957
506127,[H]OC(=O)C([H])([H])C([H])([H])C([H])([H])C([H])([H])C([H])([H])C([H])([H])C([H])([H])C([H])([H])C([H])([H])C([H])([H])C([H])([H])C([H])([H])C([H])([H])C([H])([H])C([H])([H])C([H])([H])[H],792.0,830.85,4.90530303
434640,Fc1c(F)c(F)c(C(F)(F)F)c(F)c1F,534.430447,560.63,4.902331659
60128,[H]OC([H])([H])C([H])([H])c1c([H])c([H])c([H])c([H])c1[H],723.5,688.3,4.865238424
609723,[H]c1c([H])c([H])c(C([H])([H])[H])c(N(C([H])([H])[H])C([H])([H])[H])c1[H],667.97904,699.95,4.786222035
111400,[H]N([H])C([H])([H])C([H])([H])N([H])C([H])([H])C([H])([H])N([H])[H],709.8,676,4.761904762
57103,[H]OC(=O)C([H])([H])C([H])([H])C([H])([H])C([H])([H])C([H])([H])C([H])([H])C([H])([H])C([H])([H])C([H])([H])C([H])([H])C([H])([H])C([H])([H])C([H])([H])C([H])([H])C([H])([H])[H],785.0,822.22,4.741401274
79209,[H]C([H])([H])OC(=O)C([H])([H])[H],506.51,482.82,4.677104105
1002842,[H]OC(=O)C([H])([H])C([H])([H])C([H])([H])C([H])([H])C([H])([H])C([H])([H])C([H])([H])C([H])([H])C([H])([H])C([H])([H])C([H])([H])C([H])([H])C([H])([H])C([H])([H])[H],777.0,813.24,4.664092664
141435,[H]OC([H])([H])C([H])([H])N([H])[H],671.4,640.55,4.594876378
21297654,FC1(F)OC(F)(F)C(F)(F)O1,368.07,351.32,4.5507648
110601,[H]N([H])C([H])([H])C([H])([H])C([H])([H])C([H])([H])N([H])[H],651.0,621.45,4.539170507
3555473,[H]C([H])([H])[Si](O[Si](O[Si](C([H])([H])[H])(C([H])([H])[H])C([H])([H])[H])(O[Si](C([H])([H])[H])(C([H])([H])[H])C([H])([H])[H])O[Si](C([H])([H])[H])(C([H])([H])[H])C([H])([H])[H])(C([H])([H])[H])C([H])([H])[H],622.5587400000001,650.71,4.521864073
57114,[H]OC(=O)C([H])([H])C([H])([H])C([H])([H])C([H])([H])C([H])([H])C([H])([H])C([H])([H])C([H])([H])C([H])([H])C([H])([H])C([H])([H])C([H])([H])C([H])([H])C([H])([H])C([H])([H])C([H])([H])C([H])([H])[H],803.0,839.18,4.505603985
106650,[H]C([H])([H])OC(=O)C([H])([H])C([H])([H])C(=O)OC([H])([H])[H],662.0,632.67,4.430513595
1119400,[H]C([H])([H])OC(=O)C([H])([H])C([H])([H])C([H])([H])C(=O)OC([H])([H])[H],682.0,651.83,4.423753666
112607,[H]OC([H])([H])C([H])([H])OC([H])([H])C([H])([H])OC([H])([H])C([H])([H])OC([H])([H])C([H])([H])O[H],800.0,764.98,4.3775
2367820,[H]c1c(F)c([H])c(F)c(F)c1F,535.210525,558.63,4.375750085
156592,[H]/C(Cl)=C(\[H])Cl,535.76058,559.19,4.373113826
493016,[H]C1([H])C([H])([H])C([H])([H])[C@]2([H])C([H])([H])C([H])([H])C([H])([H])C([H])([H])[C@]2([H])C1([H])[H],702.219285,671.54,4.368903796
107119,[H]C([H])=C([H])C([H])([H])N([H])[H],539.97,563.36,4.331722133
75434,[H]C(F)(Cl)Cl,451.6444,470.95,4.274513312
354234,[H]C(F)(Cl)C(F)(F)Cl,461.6,481.32,4.272097054
506309,[H]OC(=O)C([H])([H])C([H])([H])C([H])([H])C([H])([H])C([H])([H])C([H])([H])C([H])([H])C([H])([H])C([H])([H])C([H])([H])C([H])([H])C([H])([H])C([H])([H])C([H])([H])C([H])([H])C([H])([H])C([H])([H])C([H])([H])C([H])([H])[H],820.0,854.99,4.267073171
98851,[H]OC([H])(c1c([H])c([H])c([H])c([H])c1[H])C([H])([H])[H],699.0,669.37,4.238912732
110850,[H]N1C([H])([H])C([H])([H])N([H])C([H])([H])C1([H])[H],658.65,686.53,4.23290063
17928288,[H]C([H])([H])[Si](O[Si](C([H])([H])[H])(C([H])([H])[H])C([H])([H])[H])(O[Si](C([H])([H])[H])(C([H])([H])[H])C([H])([H])[H])O[Si](C([H])([H])[H])(C([H])([H])[H])C([H])([H])[H],597.3602599999999,622.32,4.17833955
1513968,[H]OC([H])(F)C(F)(F)C(F)(F)C(F)(F)C([H])([H])F,571.15,594.76,4.133765211
111864,[H]N([H])C([H])([H])C([H])([H])C([H])([H])C([H])([H])C([H])([H])C([H])([H])C([H])([H])C([H])([H])[H],641.0,667.35,4.110764431
91178,[H]C1([H])C([H])([H])C([H])([H])C2([H])C([H])([H])C([H])([H])C([H])([H])C([H])([H])C2([H])C1([H])[H],645.1836,671.54,4.085100737
90415,[H]c1c([H])c([H])c(-c2c([H])c([H])c([H])c([H])c2N([H])[H])c([H])c1[H],838.0,872.2,4.081145585
107062,[H]C([H])(Cl)C([H])([H])Cl,561.561,584.27,4.043906183
117817,[H]c1c([H])c([H])c(C(=O)OC([H])([H])C([H])(C([H])([H])C([H])([H])[H])C([H])([H])C([H])([H])C([H])([H])C([H])([H])[H])c(C(=O)OC([H])([H])C([H])(C([H])([H])C([H])([H])[H])C([H])([H])C([H])([H])C([H])([H])C([H])([H])[H])c1[H],835.0,868.67,4.032335329
319880,Fc1c(Cl)c(F)c(Cl)c(F)c1Cl,684.74904,712.24,4.014749696
929066,[H]OC([H])([H])C([H])([H])OC([H])([H])C([H])([H])N([H])[H],721.2,692.33,4.003050471
355680,FC1(F)C(F)(F)C(F)(F)C(F)(F)C(F)(F)C1(F)F,457.1988,439,3.980500386
3822682,[H]C(F)(F)OC(F)(F)F,354.49,340.38,3.98036616
576261,[H]Oc1c(C([H])([H])[H])c([H])c([H])c([H])c1C([H])([H])[H],700.96966,728.83,3.974542921
583584,[H]c1nc([H])c(C([H])([H])[H])c(C([H])([H])[H])c1[H],683.77388,656.76,3.950703703
443845,[H]c1c([H])c(F)c(C([H])([H])[H])c(F)c1[H],581.8,604.72,3.939498109
112856,[H]OC(=O)C([H])([H])C([H])([H])C([H])([H])C([H])([H])C([H])([H])C([H])([H])C([H])([H])C([H])([H])C([H])([H])C([H])([H])C([H])([H])C([H])([H])C([H])([H])C([H])([H])C([H])([H])C([H])([H])C([H])([H])C([H])([H])C([H])([H])C([H])([H])C([H])([H])[H],837.0,869.78,3.916367981
122974,[H]OC([H])([H])C([H])([H])C([H])([H])c1c([H])c([H])c([H])c([H])c1[H],732.0,703.49,3.894808743
34118188,[H]C1(F)OC(F)(F)C(F)(F)OC1(F)F,452.88,435.26,3.890655361
131113,[H]c1c([H])c([H])c(C(=O)OC([H])([H])[H])c(C(=O)OC([H])([H])[H])c1[H],772.0,742.31,3.845854922
117840,[H]c1c([H])c([H])c(C(=O)OC([H])([H])C([H])([H])C([H])([H])C([H])([H])C([H])([H])C([H])([H])C([H])([H])C([H])([H])[H])c(C(=O)OC([H])([H])C([H])([H])C([H])([H])C([H])([H])C([H])([H])C([H])([H])C([H])([H])C([H])([H])[H])c1[H],840.0,872.09,3.820238095
1435434,[H]c1c(F)c([H])c(Cl)c([H])c1F,592.0,614.55,3.809121622
2117284,[H]C([H])([H])[Si](C([H])([H])[H])(C([H])([H])[H])C([H])([H])[Si](C([H])([H])[H])(C([H])([H])[H])C([H])([H])[H],573.861,552.01,3.807716503
3360416,[H]OC([H])([H])C([H])([H])C([H])([H])C([H])([H])c1c([H])c([H])c([H])c([H])c1[H],746.0,717.75,3.786863271
1067089,[H]C([H])([H])C([H])([H])C(C([H])([H])[H])(C([H])([H])C([H])([H])[H])C([H])([H])C([H])([H])[H],576.544336,555.14,3.712522119
96479,[H]C([H])([H])C1([H])OC([H])([H])C([H])([H])C1([H])[H],537.0255400000001,556.89,3.698978637
373444,[H]N([H])C([H])([H])C([H])([H])C([H])([H])C([H])([H])C([H])([H])C([H])([H])C([H])([H])C([H])([H])N([H])[H],712.0,738.19,3.678370787
616386,[H]C([H])([H])OC(=O)OC([H])([H])[H],557.0,536.61,3.660682226
96480,[H]C1([H])OC(=O)C([H])([H])C1([H])[H],731.0,704.29,3.653898769
124094,[H]N([H])C([H])([H])C([H])([H])C([H])([H])C([H])([H])C([H])([H])C([H])([H])N([H])[H],685.0,660,3.649635036
93583,[H]c1c([H])c([H])c(C(=O)OC([H])([H])[H])c([H])c1[H],702.0,676.57,3.622507123
75774,[H]C([H])([H])[Si](Cl)(C([H])([H])[H])C([H])([H])[H],497.71,479.7,3.618573065
90426,[H]C1([H])C(=O)C([H])(C2([H])C([H])([H])C([H])([H])C([H])([H])C([H])([H])C2([H])[H])C([H])([H])C([H])([H])C1([H])[H],787.0,815.11,3.571791614
646253,[H]N([H])C([H])([H])C([H])([H])C([H])([H])C([H])([H])C([H])([H])C([H])([H])C([H])([H])C([H])([H])C([H])([H])C([H])([H])N([H])[H],736.0,762.22,3.5625
677214,[H]C([H])=C([H])C(F)(F)F,378.56328199999996,365.15,3.543207341
1732087,[H]C([H])([H])OC(=O)C([H])([H])C([H])([H])C([H])([H])C([H])([H])C([H])([H])C(=O)OC([H])([H])[H],711.0,685.96,3.521800281
333368,[H]C([H])(OC([H])([H])C(F)(F)F)C(F)(F)F,476.31,459.73,3.480926288
498157,[H]C1=C(C([H])([H])[H])C([H])([H])[C@]2([H])C(C([H])([H])[H])(C([H])([H])[H])[C@]2([H])C1([H])[H],658.0,635.12,3.477203647
111773,[H]OC([H])([H])C([H])([H])OC([H])([H])C([H])([H])OC([H])([H])[H],672.0,649.12,3.404761905
110496,[H]C([H])([H])OC([H])([H])C([H])([H])OC(=O)C([H])([H])[H],603.0,582.61,3.381426202
646242,[H]N([H])C([H])([H])C([H])([H])C([H])([H])C([H])([H])C([H])([H])C([H])([H])C([H])([H])C([H])([H])C([H])([H])N([H])[H],726.0,750.52,3.377410468
107517,[H]C([H])([H])[Si](O[Si](C([H])([H])[H])(C([H])([H])[H])C([H])([H])[H])(O[Si](C([H])([H])[H])(C([H])([H])[H])C([H])([H])[H])C([H])([H])[H],564.13,582.88,3.323701984
84775,[H]c1c([H])c([H])c(C(=O)OC([H])([H])C([H])([H])C([H])([H])C([H])([H])C([H])([H])C([H])([H])C([H])([H])C([H])([H])C([H])([H])C([H])([H])[H])c(C(=O)OC([H])([H])C([H])([H])C([H])([H])C([H])([H])C([H])([H])C([H])([H])C([H])([H])C([H])([H])C([H])([H])C([H])([H])[H])c1[H],870.0,898.86,3.317241379
3648213,[H]c1c([H])c([H])c(C(=O)OC([H])([H])C([H])([H])C([H])([H])C([H])([H])C([H])([H])C([H])([H])C([H])([H])[H])c(C(=O)OC([H])([H])C([H])([H])C([H])([H])C([H])([H])C([H])([H])C([H])([H])C([H])([H])[H])c1[H],830.0,857.45,3.307228916
109897,[H]N(C([H])([H])C([H])([H])[H])C([H])([H])C([H])([H])[H],499.47,483.04,3.289486856
107153,[H]N([H])C([H])([H])C([H])([H])N([H])[H],613.1,593,3.278421138
627930,[H]C([H])([H])OC(=O)C([H])([H])C([H])([H])C([H])([H])C([H])([H])C(=O)OC([H])([H])[H],692.0,669.53,3.247109827
84764,[H]c1c([H])c([H])c(C(=O)OC([H])([H])C([H])([H])C([H])([H])C([H])([H])C([H])([H])C([H])([H])C([H])([H])C([H])([H])C([H])([H])[H])c(C(=O)OC([H])([H])C([H])([H])C([H])([H])C([H])([H])C([H])([H])C([H])([H])C([H])([H])C([H])([H])C([H])([H])[H])c1[H],858.0,885.86,3.247086247
132649,[H]c1c([H])c([H])c2c(oc3c([H])c([H])c([H])c([H])c32)c1[H],824.0,797.28,3.242718447
76153,FC(F)(F)C(F)(F)Cl,352.9985608,364.31,3.20438679
109864,[H]OC([H])([H])C([H])([H])OC([H])([H])[H],597.6,578.59,3.181057564
557313,[H]C([H])=C([H])C([H])([H])OC([H])([H])C([H])([H])[H],518.1695,501.85,3.149452062
67685,[H]C([H])([H])S(=O)C([H])([H])[H],706.9429,729,3.120068113
292648,[H]C1([H])C([H])([H])C([H])([H])C([H])([H])C([H])([H])C([H])([H])C([H])([H])C1([H])[H],647.15628,627.01,3.11304713
110714,[H]C([H])([H])OC([H])([H])C([H])([H])OC([H])([H])[H],538.1,521.65,3.057052592
84753,[H]c1c([H])c([H])c(C(=O)OC([H])([H])C([H])([H])C([H])([H])C([H])([H])C([H])([H])C([H])([H])[H])c(C(=O)OC([H])([H])C([H])([H])C([H])([H])C([H])([H])C([H])([H])C([H])([H])[H])c1[H],817.0,841.81,3.036719706
106274,[H]C([H])([H])C([H])([H])C([H])([H])C(=O)OC([H])([H])C([H])([H])C([H])(C([H])([H])[H])C([H])([H])[H],618.866432,637.65,3.035157027
111966,[H]C([H])([H])OC([H])([H])C([H])([H])OC([H])([H])C([H])([H])OC([H])([H])[H],617.0,598.36,3.021069692
1732098,[H]C([H])([H])OC(=O)C([H])([H])C([H])([H])C([H])([H])C([H])([H])C([H])([H])C([H])([H])C(=O)OC([H])([H])[H],723.0,701.31,3
290379,[H]c1nc([H])c([H])nc1[H],627.0,645.79,2.996810207
18172673,[H]C([H])=C1C([H])([H])C([H])([H])[C@@]2([H])C([H])([H])[C@]1([H])C2(C([H])([H])[H])C([H])([H])[H],635.0,653.99,2.990551181
96220,[H]C([H])([H])C([H])([H])C(=O)C([H])([H])C([H])([H])[H],561.4209999999999,544.82,2.956960997
71432,[H]c1c([H])c([H])c([H])c([H])c1[H],561.999945,578.47,2.930615055
609267,[H]C([H])([H])C([H])([H])C([H])(C([H])([H])C([H])([H])[H])C([H])(C([H])([H])[H])C([H])([H])[H],567.052774,550.52,2.915561789
123728,[H]C(=O)C([H])([H])C([H])([H])C([H])([H])[H],522.28,537.42,2.898828215
584032,[H]OC([H])([H])C([H])(O[H])C([H])([H])C([H])([H])[H],680.0,660.38,2.885294118
95921,[H]C([H])([H])C([H])([H])OC(=O)C(=O)OC([H])([H])C([H])([H])[H],618.0,635.81,2.881877023
106467,[H]c1c([H])c(Cl)c([H])c([H])c1Cl,669.1788,688.34,2.863390173
3648202,[H]c1c([H])c([H])c(C(=O)OC([H])([H])C([H])([H])C([H])([H])C([H])([H])C([H])([H])C([H])([H])C([H])([H])C([H])([H])C([H])([H])C([H])([H])C([H])([H])[H])c(C(=O)OC([H])([H])C([H])([H])C([H])([H])C([H])([H])C([H])([H])C([H])([H])C([H])([H])C([H])([H])C([H])([H])C([H])([H])C([H])([H])[H])c1[H],886.0,911.16,2.83972912
92944,[H]c1c([H])c([H])c(-c2c([H])c([H])c(-c3c([H])c([H])c([H])c([H])c3[H])c([H])c2[H])c([H])c1[H],917.212473,943.15,2.827864618
3424575,[H]c1c([H])c([H])c([Si@]2(C([H])([H])[H])O[Si@@](c3c([H])c([H])c([H])c([H])c3[H])(C([H])([H])[H])O[Si@@](c3c([H])c([H])c([H])c([H])c3[H])(C([H])([H])[H])O2)c([H])c1[H],824.0,847.28,2.825242718
160620202,[H]C([H])([H])OC(F)(F)C(F)(F)C([H])(F)F,486.98,500.73,2.82352458
460731,[H]C(F)(F)C([H])([H])C(F)(F)F,427.158,439.03,2.779299463
696026,[H]c1c([H])c(Cl)c([H])c(F)c1F,609.2,626.13,2.779054498
163702054,[H]C([H])([H])C([H])([H])OC(F)(F)C(F)(F)C(F)(F)C(F)(F)F,482.02,495.11,2.715654952
1435445,[H]c1c([H])c(Cl)c(F)c([H])c1F,609.6,626.13,2.711614173
540545,[H]C([H])([H])C([H])([H])C([H])([H])Cl,503.21402,516.64,2.668045696
110623,[H]C(=O)C([H])([H])C([H])([H])C([H])([H])C([H])([H])[H],551.11,565.77,2.660086008
592472,[H]C(=C([H])C([H])([H])C([H])([H])[H])C([H])([H])C([H])([H])[H],502.25,515.49,2.636137382
662351,[H]C([H])(F)C(F)(F)C(F)(F)C(F)(F)F,431.95,443.27,2.620673689
107039,[H]SC([H])([H])C([H])([H])C([H])([H])[H],536.6,550.53,2.595974655
107982,[H]OC([H])(C([H])([H])[H])C([H])([H])OC([H])([H])[H],579.8,564.77,2.592273198
1073069,[H]c1c([H])c(F)c([H])c(Br)c1[H],652.0,668.81,2.578220859
25265718,[H]OC([H])([H])C([H])([H])C([H])([H])OC([H])([H])C([H])([H])C([H])([H])O[H],705.2,687.15,2.559557572
681845,[H]C([H])([H])O[Si](OC([H])([H])[H])(OC([H])([H])[H])OC([H])([H])[H],558.0,572.22,2.548387097
22410442,[H]C([H])([H])OC(F)(F)C(F)(F)F,406.82,416.9,2.477754289
40228908,[H]OC(=O)C([H])([H])C([H])([H])C([H])([H])C([H])([H])C([H])([H])C([H])([H])c1c([H])c([H])c([H])c([H])c1[H],798.0,817.71,2.469924812
625989,[H]c1c([H])c(F)c([H])c(Cl)c1[H],615.9,631.08,2.464685826
110872,[H]C1=C([H])C([H])([H])C([H])([H])C([H])([H])O1,561.43878,575.15,2.442157629
7785264,[H]C1=C(C([H])([H])[H])[C@]2([H])C([H])([H])[C@]([H])(C1([H])[H])C2(C([H])([H])[H])C([H])([H])[H],620.0,635.12,2.438709677
460004,[H]c1c([H])c(Br)c([H])c([H])c1F,654.8,670.72,2.431276726
71238,[H]OC([H])([H])C([H])([H])C([H])([H])[H],536.820458,523.84,2.418025954
623701,[H]/C(C(=O)OC([H])([H])C([H])([H])[H])=C(/[H])C([H])([H])[H],599.186,584.74,2.410937505
661198,[H]OC([H])([H])C([H])([H])C([H])([H])C([H])([H])C([H])([H])C([H])([H])C([H])([H])C([H])([H])C([H])([H])C([H])([H])C([H])([H])C([H])([H])C([H])([H])C([H])([H])C([H])([H])C([H])([H])C([H])([H])C([H])([H])C([H])([H])C([H])([H])C([H])([H])C([H])([H])[H],827.0,807.27,2.38573156
872504,[H]C([H])([H])N1C(=O)C([H])([H])C([H])([H])C1([H])[H],721.75,738.95,2.38309664
367113,[H]c1c([H])c([H])c(F)c(F)c1[H],566.0,552.73,2.344522968
629141,[H]C([H])([H])C([H])([H])OC([H])([H])C([H])([H])OC([H])([H])C([H])([H])[H],542.0,554.7,2.343173432
75785,[H]C([H])([H])[Si](Cl)(Cl)C([H])([H])[H],520.31,532.15,2.275566489
493027,[H]C1([H])C([H])([H])C([H])([H])[C@]2([H])C([H])([H])C([H])([H])C([H])([H])C([H])([H])[C@@]2([H])C1([H])[H],687.02323,671.54,2.253669064
80626,[H]C([H])=C(C(=O)OC([H])([H])[H])C([H])([H])[H],540.26,552.42,2.250768149
2367911,[H]c1c([H])c(F)c(Cl)c([H])c1F,612.5,626.13,2.225306122
108247,[H]C([H])([H])C(=O)OC(=O)C([H])([H])[H],605.96,592.51,2.219618457
2783177,[H]N([H])C([H])([H])C([H])([H])C([H])([H])C([H])([H])C([H])([H])C([H])([H])C([H])([H])C([H])([H])C([H])([H])C([H])([H])C([H])([H])C([H])([H])N([H])[H],767.0,783.98,2.213820078
375031,[H]C([H])([H])OC(F)(F)C(F)(F)C(F)(F)F,437.7,447.37,2.20927576
105464,[H]C([H])([H])C(=O)OC([H])(C([H])([H])[H])C([H])([H])C([H])([H])[H],571.14,558.53,2.207864972
107186,[H]OC([H])([H])C([H])=C([H])[H],539.85,527.95,2.204316014
123295,[H]C([H])([H])C([H])([H])OC(=O)C([H])([H])C([H])([H])C([H])([H])C([H])([H])C([H])([H])C([H])([H])C([H])([H])C([H])([H])[H],663.9,678.32,2.172013858
617787,[H]C([H])([H])C([H])([H])C([H])(C([H])([H])C([H])([H])[H])C([H])([H])C([H])([H])[H],540.596968,528.86,2.171112436
103093,[H]C([H])([H])C(=O)OC([H])([H])C([H])(C([H])([H])C([H])([H])[H])C([H])([H])C([H])([H])C([H])([H])C([H])([H])[H],642.4,656.22,2.151307597
112152,[H]C([H])([H])C(=O)OC([H])([H])C([H])([H])OC([H])([H])C([H])([H])OC([H])([H])C([H])([H])[H],668.25,653.92,2.144407033
108203,[H]C([H])([H])C([H])(OC([H])(C([H])([H])[H])C([H])([H])[H])C([H])([H])[H],499.8365425,489.17,2.134006139
352330,[H]c1c([H])c(Cl)c([H])c([H])c1F,620.1,633.32,2.131914207
3178221,[H]C([H])([H])C(C([H])([H])[H])(C([H])([H])[H])C1([H])C([H])([H])C([H])([H])C([H])([H])C([H])([H])C1([H])[H],652.0,638.1,2.13190184
111159,[H]C([H])([H])C(=O)OC([H])([H])C([H])([H])OC([H])([H])C([H])([H])[H],608.7,595.87,2.107770659
75240061,FC1(F)C(F)(F)C(F)(F)[C@]2(F)C(F)(F)C(F)(F)C(F)(F)[C@@]2(F)C1(F)F,526.0,536.97,2.085551331
108883,[H]c1c([H])c([H])c(C([H])([H])[H])c([H])c1[H],591.895,604.05,2.053573691
554121,[H]C([H])([H])OC(=O)C([H])([H])C([H])([H])[H],530.57322,519.69,2.051219245
562492,[H]C([H])([H])C([H])([H])C(C([H])([H])[H])(C([H])([H])[H])C([H])([H])C([H])([H])[H],536.365276,525.37,2.049960445
638493,[H]C(=O)OC([H])([H])C([H])([H])C([H])([H])C([H])([H])C([H])([H])[H],575.78426,587.5,2.03474475
624248,[H]C([H])([H])OC(=O)C([H])([H])C([H])([H])C([H])([H])C([H])([H])[H],588.92,577.07,2.012157848
106423,[H]c1c([H])c(C([H])([H])[H])c([H])c([H])c1C([H])([H])[H],616.1880385,628.31,1.967250375
589935,[H]c1nc(C([H])([H])[H])c([H])c([H])c1C([H])([H])[H],644.193798,656.76,1.950686585
540885,[H]C([H])([H])C(=O)OC(C([H])([H])[H])(C([H])([H])[H])C([H])([H])[H],541.2,551.71,1.941980783
105544,[H]C([H])([H])C([H])([H])OC(=O)C([H])([H])C([H])([H])C([H])([H])[H],566.121,577.07,1.934038836
7425867,[H]C([H])([H])C([H])([H])C([H])([H])C([H])([H])C([H])([H])C([H])([H])O[Si](OC([H])([H])C([H])([H])C([H])([H])C([H])([H])C([H])([H])C([H])([H])[H])(OC([H])([H])C([H])([H])C([H])([H])C([H])([H])C([H])([H])C([H])([H])[H])OC([H])([H])C([H])([H])C([H])([H])C([H])([H])C([H])([H])C([H])([H])[H],757.0,771.6,1.928665786
625558,[H]C(=O)OC([H])(C([H])([H])[H])C([H])([H])[H],534.65,524.36,1.924623586
13838169,[H]C(F)(F)OC(F)(F)C([H])(F)Cl,474.99,465.94,1.90530327
108918,[H]N([H])C1([H])C([H])([H])C([H])([H])C([H])([H])C([H])([H])C1([H])[H],626.8,615,1.882578175
116110,[H]C([H])=C(OC([H])([H])[H])C([H])([H])[H],478.54,487.53,1.878630835
611325,[H]c1nc2c(C([H])([H])[H])c([H])c([H])c([H])c2c([H])c1[H],787.0,801.7,1.867852605
110021,[H]c1sc([H])c([H])c1[H],579.434625,590.21,1.85963602
141797,[H]C(C(=O)C([H])([H])[H])=C(C([H])([H])[H])C([H])([H])[H],605.0,593.81,1.849586777
96140,[H]C([H])([H])C([H])([H])C([H])(C([H])([H])[H])C([H])([H])C([H])([H])[H],504.56,495.23,1.849135881
106989,[H]C([H])=C([H])C([H])([H])C([H])([H])[H],419.29,427.03,1.845977724
142290,[H]C1=C([H])C([H])([H])C([H])([H])C1([H])[H],506.06515999999993,515.35,1.834712352
5581759,[H]OC(=O)C([H])([H])C([H])([H])C([H])([H])C([H])([H])C([H])([H])c1c([H])c([H])c([H])c([H])c1[H],794.0,808.55,1.832493703
589388,[H]C([H])([H])C([H])([H])C(=O)C([H])([H])C([H])([H])C([H])([H])[H],582.9905,572.33,1.828588974
60297,[H]C([H])([H])C([H])([H])OC([H])([H])C([H])([H])[H],466.75044,458.26,1.819053454
558372,[H]C([H])=C([H])C(C([H])([H])[H])(C([H])([H])[H])C([H])([H])[H],477.4,486.04,1.8098031
103695,[H]c1c([H])c([H])c(N([H])C([H])([H])C([H])([H])[H])c([H])c1[H],698.57038,711.17,1.803629292
95874,[H]Oc1c([H])c(C([H])([H])[H])c([H])c([H])c1C([H])([H])[H],706.84293,719.57,1.800551362
762629,[H]C([H])=C([H])C([H])([H])C(C([H])([H])[H])(C([H])([H])[H])C([H])([H])[H],516.0,525.24,1.790697674
5989275,[H]C([H])=C(C([H])([H])[H])[C@@]1([H])C([H])([H])C([H])=C(C([H])([H])[H])C([H])([H])C1([H])[H],653.0,641.36,1.782542113
109217,[H]C([H])([H])C([H])([H])C([H])([H])C(=O)OC([H])([H])C([H])([H])C([H])([H])C([H])([H])[H],612.1,623.01,1.782388499
696297,[H]C([H])([H])C([H])(C([H])([H])[H])C1([H])C([H])([H])C([H])([H])C([H])([H])C([H])([H])C1([H])[H],632.2,621.05,1.763682379
638686,[H]C([H])([H])C([H])([H])C([H])([H])C([H])([H])C([H])([H])C([H])([H])C([H])([H])C([H])([H])C([H])([H])C([H])([H])C([H])([H])C([H])([H])C([H])([H])C([H])([H])C([H])([H])C([H])([H])C([H])([H])C([H])([H])C([H])([H])C([H])([H])C([H])([H])C([H])([H])C([H])([H])C([H])([H])C([H])([H])C([H])([H])C([H])([H])C([H])([H])C([H])([H])C([H])([H])[H],843.0,857.69,1.742586002
131180,[H]c1c([H])c([H])c(C(=O)OC([H])([H])C([H])([H])C([H])([H])C([H])([H])C([H])([H])[H])c(C(=O)OC([H])([H])C([H])([H])C([H])([H])C([H])([H])C([H])([H])[H])c1[H],811.0,825.05,1.7324291
372189,[H]c1c([H])c(F)c([H])c(F)c1[H],548.4,557.9,1.732312181
100663,[H]c1c([H])c([H])c(OC([H])([H])[H])c([H])c1[H],646.1,634.95,1.72573905
589593,[H]C([H])([H])C([H])(C([H])([H])[H])C([H])([H])OC(=O)C([H])([H])C([H])(C([H])([H])[H])C([H])([H])[H],621.48617,632.21,1.72551386
112367,[H]C([H])([H])C([H])([H])OC([H])([H])C([H])([H])OC([H])([H])C([H])([H])OC([H])([H])C([H])([H])[H],612.0,622.55,1.723856209
106796,[H]C([H])([H])OC(=O)C([H])([H])C([H])([H])C([H])([H])C([H])([H])C([H])([H])C([H])([H])C([H])([H])C([H])([H])C(=O)OC([H])([H])[H],742.0,729.24,1.71967655
624293,[H]C([H])([H])[C@]1([H])C([H])([H])C([H])([H])[C@]([H])(C([H])([H])[H])C([H])([H])C1([H])[H],603.19,592.84,1.715877253
547637,[H]C([H])([H])OC(=O)C([H])(C([H])([H])[H])C([H])([H])[H],540.77704,531.53,1.709954254
1489538,[H]c1c([H])c(F)c(F)c(F)c1[H],560.3,569.88,1.709798322
75898,[H]OC([H])([H])C(F)(F)F,498.57,490.06,1.706881682
105679,[H]Oc1c([H])c([H])c(C([H])([H])[H])c([H])c1C([H])([H])[H],707.5672400000001,719.57,1.696341962
578585,[H]c1c([H])c([H])c(C([H])([H])[H])c(OC([H])([H])[H])c1[H],662.0,650.88,1.679758308
109944,[H]C(=O)OC([H])([H])C([H])([H])[H],508.46612000000005,499.97,1.670931389
100845,[H]c1c([H])c(OC([H])([H])[H])c([H])c(C([H])([H])[H])c1[H],665.3,654.28,1.656395611
2927346,[H]c1c([H])c(C([H])([H])[H])c([H])c(F)c1F,598.5,588.65,1.645781119
100185,[H]c1c([H])c(C([H])(C([H])([H])[H])C([H])([H])[H])c([H])c([H])c1C([H])(C([H])([H])[H])C([H])([H])[H],675.0,686.08,1.641481481
108645,[H]C([H])([H])C([H])([H])OC(=O)C([H])([H])C([H])(C([H])([H])[H])C([H])([H])[H],585.2277435,594.81,1.637355133
1071814,[H]C([H])([H])C(C([H])([H])[H])(C([H])([H])[H])C([H])([H])C([H])([H])C(C([H])([H])[H])(C([H])([H])[H])C([H])([H])[H],581.411,590.87,1.626904204
71363,[H]OC([H])([H])C([H])([H])C([H])([H])C([H])([H])[H],562.951954,553.8,1.625707831
327548,[H]c1c(F)c(F)c([H])c(F)c1F,543.311,552.12,1.621354988
111900,[H]OC([H])([H])C([H])([H])OC([H])([H])C([H])([H])OC([H])([H])C([H])([H])[H],670.0,659.14,1.620895522
542109,[H]C([H])([H])C(=O)OC([H])(OC(=O)C([H])([H])[H])C([H])([H])[H],618.2,608.18,1.620834681
111762,[H]OC([H])([H])C([H])([H])OC([H])([H])C([H])([H])C([H])([H])C([H])([H])[H],633.9,644.1,1.609086607
462066,[H]c1c([H])c([H])c(F)c([H])c1[H],560.116387,569.1,1.603883266
7154805,[H]C([H])([H])C([H])([H])C([H])(C([H])([H])[H])C([H])([H])C(C([H])([H])[H])(C([H])([H])[H])C([H])([H])C([H])([H])[H],609.51,599.74,1.602926941
106354,[H]C([H])([H])C([H])([H])C(=O)C([H])([H])C([H])([H])C([H])([H])C([H])([H])[H],606.6,596.91,1.597428289
13269528,[H]/C(=C(/[H])C([H])([H])C([H])([H])[H])C([H])([H])C([H])([H])[H],507.4,515.49,1.594402838
98057262,[H]OC([H])(F)C(F)(F)C([H])([H])F,553.65,562.43,1.585839429
7154792,[H]C([H])([H])C([H])([H])C(C([H])([H])[H])(C([H])([H])[H])C(C([H])([H])[H])(C([H])([H])[H])C([H])([H])[H],607.51,597.93,1.576928775
591220,[H]c1nc([H])c(C([H])([H])[H])c([H])c1C([H])([H])[H],667.27918,656.76,1.576428625
107506,[H]C([H])([H])[Si]1(C([H])([H])[H])O[Si](C([H])([H])[H])(C([H])([H])[H])O[Si](C([H])([H])[H])(C([H])([H])[H])O[Si](C([H])([H])[H])(C([H])([H])[H])O[Si](C([H])([H])[H])(C([H])([H])[H])O[Si](C([H])([H])[H])(C([H])([H])[H])O[Si](C([H])([H])[H])(C([H])([H])[H])O1,683.2493400000001,672.49,1.574731122
2807309,[H]OC([H])([H])C([H])([H])OC([H])([H])C([H])([H])C([H])([H])[H],614.6,624.25,1.570126912
132650,[H]c1c([H])c([H])c2c(sc3c([H])c([H])c([H])c([H])c32)c1[H],897.0,882.92,1.5696767
1070877,[H]C([H])([H])C(C([H])([H])[H])(C([H])([H])[H])C([H])([H])C(C([H])([H])[H])(C([H])([H])[H])C([H])([H])[H],574.611,565.61,1.566451043
104938,[H]c1c([H])c(C([H])([H])[H])c([H])c([H])c1OC([H])([H])[H],666.7,656.31,1.558422079
598754,[H]OC([H])(C([H])([H])[H])C([H])(C([H])([H])[H])C([H])([H])[H],556.1,564.74,1.553677396
51422549,[H]C([H])([H])C([H])([H])OC([H])([H])C([H])([H])OC(C([H])([H])[H])(C([H])([H])[H])C([H])([H])[H],584.6,593.67,1.551488197
149575,[H]OC(=O)C([H])(C([H])([H])C([H])([H])[H])C([H])([H])C([H])([H])C([H])([H])C([H])([H])[H],674.1,684.54,1.548731642
109693,[H]C([H])([H])C([H])([H])C([H])([H])C([H])([H])Cl,539.2,547.49,1.537462908
60598176,[H]C([H])([H])OC([H])([H])C(F)(F)C([H])(F)F,505.35,513.08,1.529632928
105577,[H]C([H])([H])C([H])([H])OC([H])(OC([H])([H])C([H])([H])[H])C([H])([H])[H],539.7,547.9,1.519362609
877430,[H]c1c(C([H])([H])[H])c([H])c2c([H])c([H])c(C([H])([H])[H])nc2c1[H],786.0,797.81,1.502544529
108474,[H]c1nc(C([H])([H])[H])c([H])c(C([H])([H])[H])c1[H],647.0916,656.76,1.494131588
119619,[H]c1c([H])c([H])c(C(=O)c2c([H])c([H])c([H])c([H])c2[H])c([H])c1[H],830.0,817.81,1.468674699
590363,[H]OC(C([H])([H])[H])(C([H])([H])[H])C([H])([H])C([H])([H])C([H])([H])[H],559.461,567.65,1.463730269
14686147,[H]/C(=C(/[H])C([H])([H])C([H])([H])C([H])([H])[H])C([H])([H])C([H])([H])[H],538.6,546.48,1.463052358
108383,[H]c1c([H])c(C([H])([H])[H])c([H])c(C([H])([H])[H])c1[H],617.0079565000001,626.02,1.460604098
2356629,[H]C(F)(OC(F)(F)F)C(F)(F)F,377.26,382.74,1.452579123
112550,[H]SC([H])([H])C([H])([H])C([H])([H])C([H])([H])C([H])([H])C([H])([H])C([H])([H])C([H])([H])C([H])([H])C([H])([H])C([H])([H])C([H])([H])[H],733.7,723.11,1.443369224
928803,[H]C([H])([H])C([H])([H])C(=O)C([H])([H])C([H])([H])C([H])([H])C([H])([H])C([H])([H])C([H])([H])C([H])([H])[H],667.6,658.03,1.43349311
95658,[H]Oc1c([H])c([H])c(C([H])([H])[H])c(C([H])([H])[H])c1[H],729.85999,719.57,1.409858074
90006,[H]Oc1c([H])c([H])c([H])c([H])c1C([H])([H])C([H])([H])[H],702.96906,712.84,1.404178443
109671,[H]C([H])=C([H])C([H])([H])C([H])([H])C([H])([H])[H],464.739636,471.16,1.381496972
77747,[H]OC(C([H])([H])[H])(C([H])([H])C([H])([H])[H])C([H])([H])C([H])([H])[H],575.6,567.65,1.381167477
106683,[H]C([H])([H])C([H])([H])C(=O)C([H])([H])C([H])([H])C([H])([H])C([H])([H])C([H])([H])[H],627.7,619.13,1.365301896
1534265,[H]C([H])([H])C([H])([H])C(=O)C([H])([H])C([H])([H])C([H])([H])C([H])([H])C([H])([H])C([H])([H])C([H])([H])C([H])([H])C([H])([H])C([H])([H])[H],716.1,706.33,1.36433459
106309,[H]C([H])([H])C([H])([H])OC(=O)C([H])([H])C([H])([H])C([H])([H])C([H])([H])C([H])([H])C([H])([H])[H],634.3,642.95,1.363708025
2216877,[H]C([H])([H])C([H])([H])C(=O)C([H])([H])C([H])([H])C([H])([H])C([H])([H])C([H])([H])C([H])([H])C([H])([H])C([H])([H])[H],684.6,675.27,1.362839614
105668,[H]C([H])([H])C([H])([H])C([H])([H])OC(=O)C([H])([H])C([H])([H])C([H])([H])[H],593.1,601.18,1.362333502
376987,[H]C([H])([H])OC([H])([H])C(F)(F)C(F)(F)C(F)(F)F,481.54,488.08,1.358142626
75296,[H]C([H])([H])C([H])(Cl)C([H])([H])[H],482.4,475.87,1.353648425
291645,[H]C1([H])C([H])([H])C([H])([H])C([H])([H])C([H])([H])C([H])([H])C1([H])[H],604.26,596.13,1.345447324
925780,[H]C([H])([H])C([H])([H])C(=O)C([H])([H])C([H])([H])C([H])([H])C([H])([H])C([H])([H])C([H])([H])[H],648.1,639.4,1.342385434
1534276,[H]C([H])([H])C([H])([H])C(=O)C([H])([H])C([H])([H])C([H])([H])C([H])([H])C([H])([H])C([H])([H])C([H])([H])C([H])([H])C([H])([H])[H],700.7,691.32,1.338661339
557006,[H]C([H])([H])C([H])([H])C([H])([H])OC(=O)C([H])([H])C([H])(C([H])([H])[H])C([H])([H])[H],609.116593,617.22,1.330354007
18759427,[H]C([H])([H])C([H])([H])C([H])([H])C([H])([H])C([H])([H])C([H])([H])C([H])([H])O[Si](OC([H])([H])C([H])([H])C([H])([H])C([H])([H])C([H])([H])C([H])([H])C([H])([H])[H])(OC([H])([H])C([H])([H])C([H])([H])C([H])([H])C([H])([H])C([H])([H])C([H])([H])[H])OC([H])([H])C([H])([H])C([H])([H])C([H])([H])C([H])([H])C([H])([H])C([H])([H])[H],778.0,788.34,1.329048843
539822,[H]C([H])([H])C([H])([H])OC(=O)C([H])([H])C([H])([H])C([H])([H])C([H])([H])[H],593.3,601.18,1.328164504
14850238,[H]/C(=C(/[H])C([H])([H])C([H])([H])C([H])([H])[H])C([H])([H])C([H])([H])C([H])([H])[H],566.3,573.81,1.326152216
624646,[H]/C(=C(/[H])C([H])([H])[H])C([H])([H])[H],428.603092,434.28,1.32451401
95476,[H]c1c([H])c([H])c(C([H])([H])[H])c(C([H])([H])[H])c1[H],630.5,622.18,1.319587629
75262872,FC1(F)C(F)(F)C(F)(F)[C@]2(F)C(F)(F)C(F)(F)C(F)(F)[C@]2(F)C1(F)F,530.0,536.97,1.31509434
115117,[H]C([H])=C(C([H])([H])[H])C([H])([H])[H],417.862946,423.34,1.310729763
78784,[H]C([H])([H])C([H])([H])C([H])(C([H])([H])[H])C([H])([H])[H],460.37394800000004,454.34,1.310662349
95158,[H]c1sc2c([H])c([H])c([H])c([H])c2c1[H],764.0,754,1.308900524
71410,[H]OC([H])([H])C([H])([H])C([H])([H])C([H])([H])C([H])([H])[H],588.0,580.32,1.306122449
560214,[H]C([H])([H])C([H])([H])C(C([H])([H])[H])(C([H])([H])[H])C([H])(C([H])([H])[H])C([H])([H])[H],573.524034,566.06,1.301433516
123922,[H]C([H])([H])C(=O)OC([H])([H])C([H])([H])C([H])(C([H])([H])[H])C([H])([H])[H],586.1,593.71,1.29841324
110190,[H]C([H])([H])C(=O)OC([H])([H])C([H])(C([H])([H])[H])C([H])([H])[H],561.4816599999999,568.77,1.298054864
84662,[H]c1c([H])c([H])c(C(=O)OC([H])([H])C([H])([H])[H])c(C(=O)OC([H])([H])C([H])([H])[H])c1[H],776.0,765.93,1.297680412
287923,[H]C1([H])C([H])([H])C([H])([H])C([H])([H])C1([H])[H],511.71372,518.32,1.291010919
462953,[H]C([H])(OC([H])([H])C([H])([H])[H])OC([H])([H])C([H])([H])[H],531.7,524.86,1.286439722
98066,[H]c1c([H])c([H])c(C(C([H])([H])[H])(C([H])([H])[H])C([H])([H])[H])c([H])c1[H],647.905,656.23,1.284910596
110827,[H]C1([H])C([H])([H])C([H])([H])C([H])([H])C([H])([H])C1([H])[H],553.38004,560.48,1.283017002
619998,[H]C([H])([H])C([H])([H])C([H])([H])C([H])(C([H])([H])C([H])([H])[H])C([H])([H])C([H])([H])[H],565.452454,558.21,1.280824577
109795,[H]SC([H])([H])C([H])([H])C([H])([H])C([H])([H])[H],570.1,577.4,1.280477109
106365,[H]C([H])([H])C([H])([H])C(=O)OC([H])([H])C([H])([H])C([H])([H])[H],569.8,577.07,1.275886276
123660,[H]C([H])([H])C([H])([H])OC(=O)C([H])([H])C([H])([H])C([H])([H])C([H])([H])C([H])([H])[H],615.2,623.01,1.269505852
67641,[H]C([H])([H])C(=O)C([H])([H])[H],508.11,501.74,1.253665545
84742,[H]c1c([H])c([H])c(C(=O)OC([H])([H])C([H])([H])C([H])([H])C([H])([H])[H])c(C(=O)OC([H])([H])C([H])([H])C([H])([H])C([H])([H])[H])c1[H],797.0,806.97,1.250941029
78148,[H]C([H])([H])C([H])([H])C([H])([H])C([H])([H])C([H])([H])C([H])([H])C([H])([H])C([H])([H])O[Si](OC([H])([H])C([H])([H])C([H])([H])C([H])([H])C([H])([H])C([H])([H])C([H])([H])C([H])([H])[H])(OC([H])([H])C([H])([H])C([H])([H])C([H])([H])C([H])([H])C([H])([H])C([H])([H])C([H])([H])[H])OC([H])([H])C([H])([H])C([H])([H])C([H])([H])C([H])([H])C([H])([H])C([H])([H])C([H])([H])[H],812.0,801.85,1.25
452766,[H]c1c([H])c(C([H])([H])[H])c(F)c([H])c1F,581.4,588.65,1.246990024
463821,[H]C([H])([H])C(C([H])([H])[H])(C([H])([H])[H])C([H])([H])[H],433.712625,439.06,1.232930446
142847,[H]N(C([H])([H])C([H])([H])C([H])([H])[H])C([H])([H])C([H])([H])C([H])([H])[H],555.761,548.99,1.218329462
563166,[H]C([H])([H])C([H])([H])C([H])([H])C(C([H])([H])[H])(C([H])([H])[H])C([H])([H])C([H])([H])[H],561.98176,555.14,1.21743453
1640897,[H]C([H])([H])C([H])([H])C1([H])C([H])([H])C([H])([H])C([H])([H])C1([H])[H],569.48326,576.39,1.212808257
99876,[H]c1c([H])c(C([H])(C([H])([H])[H])C([H])([H])[H])c([H])c([H])c1C([H])([H])[H],651.15,659,1.205559395
589559,[H]OC([H])(C([H])([H])C([H])([H])C([H])([H])[H])C([H])([H])C([H])([H])C([H])([H])[H],602.56,609.76,1.194901753
111922,[H]N(C([H])([H])C([H])([H])C([H])([H])C([H])([H])[H])C([H])([H])C([H])([H])C([H])([H])C([H])([H])[H],607.46,600.24,1.188555625
589344,[H]C([H])([H])C([H])([H])C([H])([H])C([H])(C([H])([H])[H])C([H])([H])C([H])([H])[H],535.214816,528.86,1.187339328
89781,[H]OC1([H])C([H])([H])C([H])(C([H])([H])[H])C([H])([H])C([H])([H])C1([H])C([H])(C([H])([H])[H])C([H])([H])[H],694.1717,702.39,1.183900179
112538,[H]OC([H])([H])C([H])([H])C([H])([H])C([H])([H])C([H])([H])C([H])([H])C([H])([H])C([H])([H])C([H])([H])C([H])([H])C([H])([H])C([H])([H])[H],719.3391799999999,710.84,1.181526078
1873887,[H]C([H])([H])[Si]([H])(O[Si](C([H])([H])[H])(C([H])([H])[H])C([H])([H])[H])O[Si](C([H])([H])[H])(C([H])([H])[H])C([H])([H])[H],553.361,559.85,1.172652211
3404726,[H]C([H])=C(C([H])([H])[H])[C@@]([H])(C([H])([H])[H])C([H])([H])C([H])([H])[H],533.6,527.36,1.169415292
77527969,[H]C([H])([H])OC([H])([H])C(F)(F)C(F)(F)C(F)(F)C([H])(F)F,546.1,552.48,1.168284197
594207,[H]C([H])([H])C(Cl)(Cl)C([H])([H])[H],528.96,535.07,1.155096794
629061,[H]C([H])([H])C([H])([H])C([H])([H])C([H])([H])C([H])([H])C([H])([H])C([H])([H])Cl,614.0,621.07,1.151465798
540421,[H]C([H])([H])C([H])([H])C(=O)OC([H])([H])C([H])(C([H])([H])[H])C([H])([H])[H],588.0429349999999,594.81,1.150777366
112425,[H]OC([H])([H])C([H])([H])C([H])([H])C([H])([H])C([H])([H])C([H])([H])C([H])([H])C([H])([H])C([H])([H])C([H])([H])C([H])([H])[H],704.2,696.13,1.145981255
630013,[H]C([H])([H])C([H])([H])C([H])([H])C([H])([H])C([H])([H])C([H])([H])C([H])([H])C([H])([H])C([H])([H])C([H])([H])C([H])([H])C([H])([H])C([H])([H])C([H])([H])C([H])([H])C([H])([H])C([H])([H])C([H])([H])C([H])([H])C([H])([H])C([H])([H])C([H])([H])C([H])([H])C([H])([H])C([H])([H])C([H])([H])[H],816.0,825.32,1.142156863
2270204,[H]OC(=O)C([H])([H])C([H])([H])C([H])([H])C([H])([H])c1c([H])c([H])c([H])c([H])c1[H],790.0,799.02,1.141772152
496117,[H]c1c([H])c([H])c2c(c1[H])C([H])([H])C([H])([H])C2([H])[H],684.84902,692.65,1.13908026
106321,[H]C([H])([H])C([H])([H])OC(=O)C([H])([H])C([H])([H])C([H])([H])C([H])([H])C([H])([H])C([H])([H])C([H])([H])[H],653.870444,661.31,1.137772179
111706,[H]OC([H])([H])C([H])([H])C([H])([H])C([H])([H])C([H])([H])C([H])([H])C([H])([H])[H],632.85771,625.68,1.134174379
16747389,[H]C([H])([H])C([H])(C([H])([H])[H])C(C([H])([H])[H])(C([H])([H])[H])C([H])(C([H])([H])[H])C([H])([H])[H],607.51,600.65,1.129199519
590012,[H]C([H])([H])C([H])([H])C(=O)OC([H])([H])C([H])([H])C([H])([H])C([H])([H])[H],594.5,601.18,1.123633305
541026,[H]C([H])([H])[Si]1(C([H])([H])[H])O[Si](C([H])([H])[H])(C([H])([H])[H])O[Si](C([H])([H])[H])(C([H])([H])[H])O[Si](C([H])([H])[H])(C([H])([H])[H])O[Si](C([H])([H])[H])(C([H])([H])[H])O1,617.35926,624.28,1.121023114
637923,[H]C([H])([H])C([H])([H])OC(C([H])([H])[H])(C([H])([H])[H])C([H])([H])[H],509.4,515.09,1.117000393
691372,[H]C([H])=C([H])C([H])([H])C([H])(C([H])([H])[H])C([H])([H])[H],493.1,498.6,1.115392415
563780,[H]C([H])=C(C([H])([H])[H])C([H])(C([H])([H])[H])C([H])([H])[H],497.7,492.2,1.105083384
141322,[H]C([H])=C([H])C(=O)OC([H])([H])C([H])([H])C([H])([H])C([H])([H])[H],597.38,603.97,1.103150424
108656,[H]C([H])([H])OC([H])([H])C([H])(OC(=O)C([H])([H])[H])C([H])([H])[H],597.6,591.02,1.10107095
108101,[H]C([H])([H])C(=O)C([H])([H])C([H])(C([H])([H])[H])C([H])([H])[H],575.0305,581.35,1.098985184
108907,[H]c1c([H])c([H])c(Cl)c([H])c1[H],632.4,639.29,1.089500316
143088,[H]OC([H])([H])C([H])([H])C([H])([H])C([H])([H])C([H])([H])C([H])([H])C([H])([H])C([H])([H])C([H])([H])[H],670.8864219999999,663.58,1.089069887
122792,[H]c1c([H])c([H])c(OC(=O)C([H])([H])[H])c([H])c1[H],685.7,693.1,1.07918915
36653824,[H]OC([H])([H])C([H])([H])C([H])([H])C([H])([H])C([H])([H])C([H])([H])C([H])([H])C([H])([H])C([H])([H])C([H])([H])C([H])([H])C([H])([H])C([H])([H])C([H])([H])C([H])([H])C([H])([H])[H],770.0,761.78,1.067532468
93890,[H]c1c([H])c([H])c(C(=O)OC([H])([H])C([H])([H])[H])c([H])c1[H],700.0,692.53,1.067142857
98828,[H]c1c([H])c([H])c(C([H])(C([H])([H])[H])C([H])([H])[H])c([H])c1[H],631.157605,637.89,1.066674147
4050457,[H]/C(=C(/[H])C([H])([H])C([H])([H])C([H])([H])[H])C([H])([H])[H],509.0,514.41,1.062868369
123513,[H]OC([H])([H])C([H])([H])C([H])(C([H])([H])[H])C([H])([H])[H],579.461,573.34,1.056326483
106978,[H]C([H])([H])C([H])([H])C([H])([H])C([H])([H])[H],425.144804,420.66,1.054888583
111875,[H]OC([H])([H])C([H])([H])C([H])([H])C([H])([H])C([H])([H])C([H])([H])C([H])([H])C([H])([H])[H],652.27776,645.4,1.054421969
103731,[H]c1c([H])c([H])c(OC([H])([H])C([H])([H])[H])c([H])c1[H],647.1082150000001,653.93,1.054195395
108952,[H]Oc1c([H])c([H])c([H])c([H])c1[H],694.27167,687.06,1.038738913
7642093,[H]/C(=C(\[H])C([H])([H])C([H])([H])[H])C([H])([H])C([H])([H])[H],510.2,515.49,1.036848295
104858,[H]c1c([H])c(C([H])([H])[H])c([H])c([H])c1C#N,723.1619999999999,715.7,1.031857316
96377,[H]C([H])([H])C1([H])C([H])([H])C([H])([H])C([H])([H])C1([H])[H],532.7838830000001,538.28,1.031584696
111273,[H]OC([H])([H])C([H])([H])C([H])([H])C([H])([H])C([H])([H])C([H])([H])[H],610.4,604.11,1.030471822
421147,[H]C([H])([H])OC(F)(F)F,377.92,381.81,1.029318374
6738234,[H]c1c([H])c(C([H])([H])[H])c([H])c(C([H])([H])[H])c1OC([H])([H])[H],682.0,675,1.026392962
66728505,[H]C([H])([H])OC([H])([H])C([H])([H])OC(C([H])([H])[H])(C([H])([H])[H])C([H])([H])[H],574.4,580.29,1.025417827
112301,[H]OC([H])([H])C([H])([H])C([H])([H])C([H])([H])C([H])([H])C([H])([H])C([H])([H])C([H])([H])C([H])([H])C([H])([H])[H],687.47427,680.43,1.024659439
348516,[H]c1c([H])c([H])c(Cl)c(F)c1[H],633.8,627.32,1.022404544
123911,[H]C1([H])OC([H])([H])C([H])([H])OC1([H])[H],587.261,593.26,1.021521947
75649,[H]N([H])C(C([H])([H])[H])(C([H])([H])[H])C([H])([H])[H],483.67110999999994,478.77,1.013314605
100414,[H]c1c([H])c([H])c(C([H])([H])C([H])([H])[H])c([H])c1[H],617.1579415,623.41,1.013040274
1012722,[H]c1c([H])c(C(C([H])([H])[H])(C([H])([H])[H])C([H])([H])[H])c([H])c([H])c1C(C([H])([H])[H])(C([H])([H])[H])C([H])([H])[H],708.0,715.16,1.011299435
102250,[H]c1c(C([H])([H])C([H])([H])[H])c([H])c(C([H])([H])C([H])([H])[H])c([H])c1C([H])([H])C([H])([H])[H],679.0,685.84,1.00736377
112709,[H]OC([H])([H])C([H])([H])C([H])([H])C([H])([H])C([H])([H])C([H])([H])C([H])([H])C([H])([H])C([H])([H])C([H])([H])C([H])([H])C([H])([H])C([H])([H])[H],732.0,724.66,1.00273224
78864,[H]C([H])([H])C([H])([H])C([H])(Cl)C([H])([H])[H],518.6,513.41,1.000771307
538932,[H]c1c([H])c([H])c(C([H])([H])C([H])(C([H])([H])[H])C([H])([H])[H])c([H])c1[H],650.2825799999999,656.76,0.996093114
583482,[H]C([H])([H])C([H])([H])C([H])(C([H])([H])[H])C([H])(C([H])([H])[H])C([H])([H])C([H])([H])[H],568.813126,563.15,0.995603959
142289,[H]C([H])(Cl)C([H])([H])C([H])([H])Cl,613.77985,607.68,0.993817246
95534,[H]c1c([H])c([H])c(C([H])([H])[H])c(N([H])[H])c1[H],716.5,709.4,0.990928123
546452,[H]c1c([H])c([H])c([Si]2(C([H])([H])[H])O[Si](c3c([H])c([H])c([H])c([H])c3[H])(C([H])([H])[H])O[Si](c3c([H])c([H])c([H])c([H])c3[H])(C([H])([H])[H])O2)c([H])c1[H],839.0,847.28,0.986889154
96173,[H]C(=O)C([H])(C([H])([H])[H])C([H])([H])C([H])([H])[H],531.56,536.75,0.976371435
141786,[H]C([H])([H])C(=O)OC([H])([H])C([H])([H])[H],523.26,518.17,0.972747774
589811,[H]C([H])([H])C([H])([H])C([H])([H])C([H])([H])C([H])(C([H])([H])[H])C([H])([H])C([H])([H])[H],563.6821,558.21,0.970777678
540670,[H]C([H])([H])OC([H])([H])C([H])([H])[H],437.83941,433.64,0.959121062
123251,[H]C([H])([H])C([H])([H])OC(=O)C([H])([H])C([H])([H])C(=O)OC([H])([H])C([H])([H])[H],663.18,669.53,0.957507766
123024,[H]c1c([H])c([H])c(C([H])([H])C([H])([H])C([H])([H])C([H])([H])C([H])([H])C([H])([H])C([H])([H])C([H])([H])C([H])([H])C([H])([H])C([H])([H])C([H])([H])C([H])([H])[H])c([H])c1[H],790.0,782.44,0.956962025
105306,[H]OC([H])([H])C([H])(C([H])([H])[H])C([H])([H])C([H])([H])C([H])([H])[H],604.4,598.64,0.953011251
142687,[H]C1([H])OC([H])([H])C([H])([H])C([H])([H])C1([H])[H],571.99989,577.45,0.952816617
105680,[H]C([H])([H])C([H])([H])C(=O)OC([H])([H])C([H])([H])C([H])(C([H])([H])[H])C([H])([H])[H],611.426824,617.22,0.947484764
563804,[H]C([H])([H])C(=O)C([H])(C([H])([H])[H])C([H])([H])[H],553.1,547.88,0.94377147
108112,[H]OC([H])(C([H])([H])[H])C([H])([H])C([H])(C([H])([H])[H])C([H])([H])[H],574.361,579.78,0.94348328
539902,[H]C([H])([H])C([H])([H])C([H])([H])C(=O)OC([H])([H])C([H])(C([H])([H])[H])C([H])([H])[H],611.4868299999999,617.22,0.937578656
1569013,[H]OC([H])(C([H])([H])[H])C([H])([H])OC([H])([H])C([H])([H])C([H])([H])[H],605.1,599.44,0.935382581
626891,[H]OC([H])([H])C([H])([H])C([H])([H])C([H])(C([H])([H])[H])C([H])([H])[H],603.46,597.82,0.934610413
107460,[H]C([H])([H])[Si](O[Si](C([H])([H])[H])(C([H])([H])[H])C([H])([H])[H])(C([H])([H])[H])C([H])([H])[H],518.66,523.49,0.931245903
507200,[H]C([H])([H])C(Cl)(C([H])([H])[H])C([H])([H])[H],497.76,502.37,0.926149148
589628,[H]OC([H])(C([H])([H])C([H])([H])C([H])([H])[H])C([H])([H])C([H])([H])C([H])([H])C([H])([H])[H],625.05849,630.83,0.923355189
629765,[H]OC([H])([H])C([H])([H])C([H])([H])C([H])([H])C([H])([H])C([H])([H])C([H])([H])C([H])([H])C([H])([H])C([H])([H])C([H])([H])C([H])([H])C([H])([H])C([H])([H])C([H])([H])[H],757.0,750.06,0.91677675
807283,[H]c1c([H])c([H])c([Si](O[Si](c2c([H])c([H])c([H])c([H])c2[H])(c2c([H])c([H])c([H])c([H])c2[H])C([H])([H])[H])(c2c([H])c([H])c([H])c([H])c2[H])C([H])([H])[H])c([H])c1[H],893.0,901.09,0.90593505
1454859,[H]OC([H])([H])C([H])([H])C([H])([H])C([H])([H])C([H])([H])C([H])([H])C([H])([H])C([H])([H])C([H])([H])C([H])([H])C([H])([H])C([H])([H])C([H])([H])C([H])([H])C([H])([H])C([H])([H])C([H])([H])[H],780.0,772.94,0.905128205
119642,[H]c1c([H])c([H])c2c(c1[H])C([H])([H])C([H])([H])C([H])([H])C2([H])[H],719.9,713.45,0.895957772
1795262,[H]C([H])([H])[C@]1([H])C([H])([H])[C@@]([H])(C([H])([H])[H])C([H])([H])[C@]([H])(C([H])([H])[H])C1([H])[H],602.16,607.47,0.881825428
2207047,[H]C([H])([H])[C@]1([H])C([H])([H])C([H])([H])[C@@]([H])(C([H])([H])[H])C([H])([H])C1([H])[H],587.661,592.84,0.881290404
78999,[H]C([H])([H])C([H])([H])C([H])(Cl)Cl,558.961,554.04,0.880383426
638040,[H]C1([H])C([H])([H])[C@]([H])(C([H])([H])[H])C([H])([H])[C@]([H])(C([H])([H])[H])C1([H])[H],587.67,592.84,0.879745435
622968,[H]c1c([H])c(C([H])([H])C([H])([H])[H])c([H])c([H])c1C([H])([H])[H],640.1819775,645.81,0.879128544
629232,[H]C([H])([H])C([H])([H])C(=O)C([H])([H])C([H])([H])C([H])([H])C([H])([H])C([H])([H])C([H])([H])C([H])([H])C([H])([H])C([H])([H])C([H])([H])C([H])([H])[H],726.8,720.42,0.877820583
75854,[H]OC(C([H])([H])[H])(C([H])([H])[H])C([H])([H])C([H])([H])[H],544.314175,539.54,0.87709915
108872,[H]C([H])([H])C1([H])C([H])([H])C([H])([H])C([H])([H])C([H])([H])C1([H])[H],572.313826,577.23,0.858999692
123193,[H]C([H])([H])C([H])([H])C([H])([H])C(=O)C([H])([H])C([H])([H])C([H])([H])[H],602.0,596.91,0.84551495
629594,[H]C([H])([H])C([H])([H])C([H])([H])C([H])([H])C([H])([H])C([H])([H])C([H])([H])C([H])([H])C([H])([H])C([H])([H])C([H])([H])C([H])([H])C([H])([H])C([H])([H])[H],692.64719,686.8,0.844180137
352329,[H]c1c([H])c(C([H])([H])[H])c([H])c([H])c1F,592.1,597.09,0.842763047
91634,[H]c1c([H])c([H])c2c([H])c([H])c(C([H])([H])[H])nc2c1[H],778.0,784.52,0.838046272
592416,[H]C([H])=C([H])C([H])([H])C([H])([H])C([H])([H])C([H])([H])[H],503.997166,508.2,0.833900324
100425,[H]C([H])=C([H])c1c([H])c([H])c([H])c([H])c1[H],635.2,640.47,0.82965995
14476370,[H]C([H])([H])C([H])([H])C([H])([H])C(=O)C([H])([H])C([H])([H])C([H])([H])C([H])([H])C([H])([H])C([H])([H])C([H])([H])[H],680.9,675.27,0.82684682
100685,[H]c1c([H])c([H])c(SC([H])([H])[H])c([H])c1[H],705.9,700.07,0.825896019
526750,[H]Oc1c([H])c([H])c([H])c(C([H])([H])[H])c1C([H])([H])[H],722.8620900000001,728.83,0.825594547
691383,[H]/C(=C(\[H])C([H])(C([H])([H])[H])C([H])([H])[H])C([H])([H])[H],496.3,500.38,0.822083417
629505,[H]C([H])([H])C([H])([H])C([H])([H])C([H])([H])C([H])([H])C([H])([H])C([H])([H])C([H])([H])C([H])([H])C([H])([H])C([H])([H])C([H])([H])C([H])([H])[H],675.9512,670.42,0.818283923
544763,[H]C([H])([H])C([H])([H])C([H])([H])C([H])([H])C([H])([H])C([H])([H])C([H])([H])C([H])([H])C([H])([H])C([H])([H])C([H])([H])C([H])([H])C([H])([H])C([H])([H])C([H])([H])C([H])([H])[H],722.3382799999999,716.43,0.8179381
112403,[H]C([H])([H])C([H])([H])C([H])([H])C([H])([H])C([H])([H])C([H])([H])C([H])([H])C([H])([H])C([H])([H])C([H])([H])C([H])([H])C([H])([H])[H],658.181,652.8,0.817556265
112925,[H]OC([H])([H])C([H])([H])C([H])([H])C([H])([H])C([H])([H])C([H])([H])C([H])([H])C([H])([H])C([H])([H])C([H])([H])C([H])([H])C([H])([H])C([H])([H])C([H])([H])C([H])([H])C([H])([H])C([H])([H])C([H])([H])[H],790.0,783.58,0.812658228
109660,[H]C([H])([H])C([H])([H])C([H])([H])C([H])([H])C([H])([H])[H],469.7,465.9,0.809027039
541855,[H]C([H])([H])C([H])([H])C(=O)C([H])([H])C([H])(C([H])([H])[H])C([H])([H])C([H])([H])[H],619.0,614,0.807754443
629787,[H]C([H])([H])C([H])([H])C([H])([H])C([H])([H])C([H])([H])C([H])([H])C([H])([H])C([H])([H])C([H])([H])C([H])([H])C([H])([H])C([H])([H])C([H])([H])C([H])([H])C([H])([H])C([H])([H])C([H])([H])[H],735.8342299999999,729.94,0.801026883
106730,[H]C([H])([H])OC(=O)C([H])([H])C([H])([H])C([H])([H])C([H])([H])C([H])([H])C([H])([H])[H],628.0,623.01,0.794585987
1120214,[H]C([H])([H])C([H])([H])C([H])([H])C([H])([H])C([H])([H])C([H])([H])C([H])([H])C([H])([H])C([H])([H])C([H])([H])C([H])([H])[H],638.760781,633.72,0.789150046
5932796,[H]OC([H])(C([H])([H])C([H])([H])C([H])([H])[H])C([H])([H])C([H])([H])C([H])([H])C([H])([H])C([H])([H])[H],645.05649,650.14,0.788072065
75285,[H]C([H])([H])C([H])(C([H])([H])[H])C([H])([H])[H],407.81743,404.63,0.781582582
103651,[H]c1c([H])c([H])c(C([H])([H])C([H])([H])C([H])([H])[H])c([H])c1[H],638.334485,643.32,0.781019218
678262,FC(F)(F)C(F)(F)C(F)(F)C(F)(F)C(F)(F)F,421.83374000000003,418.54,0.780814735
513359,[H]C(=C(C([H])([H])[H])C([H])([H])[H])C([H])([H])[H],470.35188,474.01,0.777741124
1821121,[H]OC(=O)C([H])([H])C([H])([H])C([H])([H])c1c([H])c([H])c([H])c([H])c1[H],783.0,789.08,0.776500639
107835,[H]C([H])([H])C([H])([H])C([H])([H])C([H])(C([H])([H])[H])C([H])([H])[H],497.802392,493.94,0.775888598
78922,[H]OC([H])(C([H])([H])[H])C([H])([H])C([H])([H])[H],535.95,531.8,0.774325963
103719,[H]c1c([H])c([H])c(N=C=O)c([H])c1[H],656.9,651.82,0.773329274
18720655,[H]OC([H])(C([H])([H])C([H])([H])[H])C([H])([H])C([H])(C([H])([H])[H])C([H])([H])C([H])([H])[H],621.15888,625.96,0.772929464
623427,[H]C([H])([H])OC(=O)C([H])([H])C([H])([H])C([H])([H])[H],554.4209999999999,550.15,0.770353215
124185,[H]C([H])([H])C([H])([H])C([H])([H])C([H])([H])C([H])([H])C([H])([H])C([H])([H])C([H])([H])C([H])([H])C([H])([H])[H],617.64328,612.93,0.763107145
110543,[H]C([H])([H])C([H])([H])C([H])([H])C([H])([H])C([H])([H])C([H])([H])[H],507.58288,503.73,0.759064214
6137264,[H]C([H])([H])C([H])([H])C([H])([H])C(=O)C([H])([H])C([H])([H])C([H])([H])C([H])([H])C([H])([H])C([H])([H])C([H])([H])C([H])([H])[H],696.6,691.32,0.75796727
124196,[H]C(=O)C([H])([H])C([H])([H])C([H])([H])C([H])([H])C([H])([H])C([H])([H])C([H])([H])C([H])([H])[H],658.5,653.52,0.756264237
372383,[H]c1c(F)c([H])c(F)c([H])c1F,530.9,534.91,0.755321153
105373,[H]C([H])([H])C([H])([H])OC(=O)C([H])([H])C([H])([H])[H],546.0285700000001,550.15,0.754801164
100618,[H]c1c([H])c([H])c(N([H])C([H])([H])[H])c([H])c1[H],701.76942,696.48,0.753726203
124130,[H]C(=O)C([H])([H])C([H])([H])C([H])([H])C([H])([H])C([H])([H])C([H])([H])C([H])([H])[H],639.3,634.51,0.749257
589639,[H]C([H])([H])C([H])([H])C([H])([H])C(=O)C([H])([H])C([H])([H])C([H])([H])C([H])([H])[H],623.8,619.13,0.748637384
627203,[H]/C(=C(\[H])C([H])([H])C([H])([H])[H])C([H])([H])[H],474.88800000000003,478.44,0.747965836
111842,[H]C([H])([H])C([H])([H])C([H])([H])C([H])([H])C([H])([H])C([H])([H])C([H])([H])C([H])([H])C([H])([H])[H],594.5,590.07,0.745164003
26215907,[H]C([H])([H])C([H])([H])C([H])([H])C(=O)C([H])([H])C([H])([H])C([H])([H])C([H])([H])C([H])([H])C([H])([H])C([H])([H])C([H])([H])C([H])([H])[H],711.6,706.33,0.740584598
624168,[H]C([H])([H])C([H])([H])C([H])([H])C(=O)C([H])([H])C([H])([H])C([H])([H])C([H])([H])C([H])([H])C([H])([H])[H],662.9,658.03,0.734650777
108861,[H]c1c([H])c([H])c(Br)c([H])c1[H],670.87846,675.8,0.733596366
540363,[H]c1c([H])c(F)c([H])c([H])c1F,556.9,560.98,0.732627043
142825,[H]C([H])([H])C([H])([H])C([H])([H])C([H])([H])C([H])([H])C([H])([H])C([H])([H])[H],540.1768,536.22,0.732500915
110861,[H]c1nc([H])c([H])c([H])c1[H],619.08641,614.57,0.729528209
919948,[H]C([H])([H])C([H])([H])OC(C([H])([H])[H])(C([H])([H])[H])C([H])([H])C([H])([H])[H],546.0,549.97,0.727106227
589822,[H]OC([H])(C([H])([H])C([H])([H])[H])C([H])([H])C([H])([H])C([H])([H])C([H])([H])[H],605.36,609.76,0.726840227
5205345,[H]OC([H])(C([H])([H])C([H])([H])C([H])([H])C([H])([H])[H])C([H])([H])C([H])([H])C([H])([H])C([H])([H])C([H])([H])[H],663.183677,667.96,0.720211182
565593,[H]C([H])([H])C([H])([H])C([H])(C([H])([H])[H])C([H])(C([H])([H])[H])C([H])([H])[H],537.245628,533.38,0.719527121
111659,[H]C([H])([H])C([H])([H])C([H])([H])C([H])([H])C([H])([H])C([H])([H])C([H])([H])C([H])([H])[H],568.761,564.71,0.712249961
112721,[H]OC([H])([H])C([H])([H])C([H])([H])C([H])([H])C([H])([H])C([H])([H])C([H])([H])C([H])([H])C([H])([H])C([H])([H])C([H])([H])C([H])([H])C([H])([H])C([H])([H])[H],743.0,737.71,0.711978466
623370,[H]OC([H])(C([H])([H])C([H])([H])[H])C([H])([H])C([H])([H])C([H])([H])[H],582.441,586.57,0.708913006
355259,FC(F)(F)C(F)(F)C(F)(F)C(F)(F)F,386.38586000000004,383.71,0.692535695
363724,[H]c1c(F)c(F)c(F)c(F)c1F,530.9300969999999,527.28,0.687491069
109922,[H]C([H])=C([H])OC([H])([H])C([H])([H])[H],475.00374000000005,471.76,0.682887255
76197,FC(F)(F)C(F)(F)C(F)(F)F,345.036905,342.69,0.680189558
79312,[H]OC(=O)C([H])(C([H])([H])[H])C([H])([H])[H],604.96,609.03,0.672771754
4485090,[H]C([H])([H])C([H])([H])C([H])([H])C(=O)C([H])([H])C([H])([H])C([H])([H])C([H])([H])C([H])([H])[H],643.7,639.4,0.66801305
78875,[H]C([H])([H])C([H])(Cl)C([H])([H])Cl,578.0,581.86,0.667820069
593453,[H]C([H])([H])C([H])([H])C([H])([H])C([H])([H])C([H])([H])C([H])([H])C([H])([H])C([H])([H])C([H])([H])C([H])([H])C([H])([H])C([H])([H])C([H])([H])C([H])([H])C([H])([H])C([H])([H])C([H])([H])C([H])([H])[H],747.62992,742.7,0.659406461
26496208,[H]C([H])([H])C([H])([H])C([H])([H])C(=O)C([H])([H])C([H])([H])C([H])([H])C([H])([H])C([H])([H])C([H])([H])C([H])([H])C([H])([H])C([H])([H])C([H])([H])[H],725.2,720.42,0.659128516
565673,[H]OC([H])(C([H])([H])C([H])([H])[H])C([H])(C([H])([H])[H])C([H])([H])[H],576.0,579.78,0.65625
2051312,[H]OC([H])(C([H])([H])C([H])([H])C([H])([H])[H])C([H])([H])C([H])([H])C([H])([H])C([H])([H])C([H])([H])C([H])([H])[H],663.673628,667.96,0.645855405
628320,[H]C([H])([H])C([H])([H])OC([H])([H])C([H])([H])C([H])([H])[H],500.37660999999997,497.26,0.622852855
589537,[H]C([H])([H])C([H])([H])C([H])([H])C([H])(C([H])([H])[H])C([H])([H])C([H])([H])C([H])([H])[H],561.701704,558.21,0.62162959
75650,[H]OC(C([H])([H])[H])(C([H])([H])[H])C([H])([H])[H],506.04,502.91,0.61852818
543599,[H]C([H])([H])C([H])([H])C([H])([H])C([H])([H])C([H])([H])Cl,571.2,574.7,0.612745098
13952846,[H]N([H])C([H])(C([H])([H])[H])C([H])([H])C([H])([H])[H],514.26,511.11,0.612530627
75832,[H]C([H])([H])C([H])([H])C(C([H])([H])[H])(C([H])([H])[H])C([H])([H])[H],489.205,486.22,0.610173649
33083839,[H]C([H])([H])C([H])([H])C([H])([H])C([H])([H])C(=O)C([H])([H])C([H])([H])C([H])([H])C([H])([H])C([H])([H])C([H])([H])[H],679.4,675.27,0.607889314
352932,[H]C([H])([H])C([H])([H])SC([H])([H])C([H])([H])[H],557.78092,561.14,0.602222105
629629,[H]C([H])([H])C([H])([H])C([H])([H])C([H])([H])C([H])([H])C([H])([H])C([H])([H])C([H])([H])C([H])([H])C([H])([H])C([H])([H])C([H])([H])C([H])([H])C([H])([H])C([H])([H])[H],706.34308,702.09,0.602126661
811972,[H]C([H])(F)C(F)(F)F,374.13,376.36,0.596049502
1072851,[H]c1c([H])c([H])c(Br)c(F)c1[H],669.6,665.62,0.594384707
57018527,[H]OC([H])(C([H])([H])[H])C([H])([H])OC(C([H])([H])[H])(C([H])([H])[H])C([H])([H])[H],600.7,604.27,0.594306642
5131668,[H]OC([H])(C([H])([H])[H])C([H])([H])OC([H])([H])C([H])([H])C([H])([H])C([H])([H])[H],624.9,621.19,0.593694991
142927,[H]C([H])([H])C(=O)OC([H])([H])C([H])([H])C([H])([H])C([H])([H])C([H])([H])C([H])([H])[H],618.4,622.04,0.588615783
3524730,[H]C([H])=C([H])C([H])([H])C([H])([H])C([H])(C([H])([H])[H])C([H])([H])[H],528.7,531.78,0.582560999
110747,[H]C(=O)OC([H])([H])C([H])([H])C([H])([H])[H],536.07516,532.96,0.581105082
1636391,[H]C1([H])C([H])([H])C([H])([H])C([H])(C2([H])C([H])([H])C([H])([H])C([H])([H])C2([H])[H])C1([H])[H],690.0,686.07,0.569565217
101848,[H]c1c([H])c([H])c(Oc2c([H])c([H])c([H])c([H])c2[H])c([H])c1[H],771.1504,766.8,0.564144167
78933,[H]C([H])([H])C(=O)C([H])([H])C([H])([H])[H],536.740678,533.72,0.562781642
109875,[H]C([H])([H])OC([H])([H])OC([H])([H])[H],489.62954,486.88,0.561555171
19780100,[H]C([H])([H])C([H])([H])C([H])([H])C([H])([H])C(=O)C([H])([H])C([H])([H])C([H])([H])C([H])([H])C([H])([H])C([H])([H])C([H])([H])[H],695.2,691.32,0.558112773
629969,[H]OC([H])([H])C([H])([H])C([H])([H])C([H])([H])C([H])([H])C([H])([H])C([H])([H])C([H])([H])C([H])([H])C([H])([H])C([H])([H])C([H])([H])C([H])([H])C([H])([H])C([H])([H])C([H])([H])C([H])([H])C([H])([H])C([H])([H])C([H])([H])[H],808.0,803.5,0.556930693
13389429,[H]/C(=C(/[H])C([H])([H])C([H])([H])C([H])([H])C([H])([H])C([H])([H])[H])C([H])([H])[H],569.8,572.97,0.556335556
3452071,[H]C([H])=C([H])C([H])([H])C([H])([H])C([H])([H])C([H])([H])C([H])([H])C([H])([H])C([H])([H])C([H])([H])C([H])([H])C([H])([H])C([H])([H])C([H])([H])C([H])([H])C([H])([H])C([H])([H])C([H])([H])C([H])([H])C([H])([H])[H],772.0,767.73,0.553108808
6094026,[H]C([H])=C(C([H])([H])[H])C([H])([H])C([H])([H])C([H])([H])C([H])([H])[H],541.8,538.83,0.548172757
6443921,[H]/C(=C(\[H])C([H])([H])C([H])([H])C([H])([H])C([H])([H])[H])C([H])([H])[H],548.5,545.54,0.539653601
538681,[H]c1c([H])c([H])c(C([H])([H])C([H])([H])C([H])([H])C([H])([H])C([H])([H])[H])c([H])c1[H],675.0,678.64,0.539259259
108214,[H]C([H])([H])C(=O)OC([H])(C([H])([H])[H])C([H])([H])[H],530.9601,528.11,0.536782331
542552,[H]C(=O)OC([H])([H])C([H])(C([H])([H])[H])C([H])([H])[H],551.37964,554.26,0.522391433
563462,[H]C([H])=C(C([H])([H])[H])C([H])([H])C([H])([H])[H],467.0,469.43,0.520342612
375962,FC(F)(F)C(F)(F)C(F)(F)C(F)(F)C(F)(F)C(F)(F)C(F)(F)C(F)(F)C(F)(F)F,523.9712400000001,521.25,0.519349115
6881943,[H]OC([H])([H])C([H])([H])OC([H])([H])C([H])([H])OC([H])([H])C([H])([H])C([H])([H])[H],679.8,676.3,0.514857311
108689,[H]Oc1c([H])c(C([H])([H])[H])c([H])c(C([H])([H])[H])c1[H],715.5642799999999,711.91,0.510685078
110452,[H]C(=O)OC([H])([H])C([H])([H])C([H])(C([H])([H])[H])C([H])([H])[H],577.78446,580.73,0.509799104
14686136,[H]/C(=C(/[H])C([H])([H])C([H])([H])C([H])([H])C([H])([H])[H])C([H])([H])[H],542.8,545.54,0.504789978
108054,[H]C([H])=C([H])OC(=O)C([H])([H])[H],519.155,521.74,0.497924512
110963,[H]N(C([H])([H])C([H])(C([H])([H])[H])C([H])([H])[H])C([H])([H])C([H])(C([H])([H])[H])C([H])([H])[H],584.361,587.26,0.496097447
112889,[H]C([H])=C([H])C([H])([H])C([H])([H])C([H])([H])C([H])([H])C([H])([H])C([H])([H])C([H])([H])C([H])([H])C([H])([H])C([H])([H])C([H])([H])C([H])([H])C([H])([H])C([H])([H])C([H])([H])C([H])([H])[H],748.0,744.3,0.494652406
591764,[H]C([H])([H])C([H])([H])C([H])([H])C([H])([H])C([H])(C([H])([H])[H])C([H])([H])[H],530.37316,527.75,0.494587622
7379126,[H]C([H])([H])C([H])([H])C([H])([H])C(=O)C([H])(C([H])([H])[H])C([H])([H])[H],593.3,590.42,0.485420529
136607,[H]c1c([H])c([H])c(C(=O)OC([H])([H])C([H])([H])C([H])([H])C([H])([H])[H])c([H])c1[H],725.0,721.49,0.484137931
464062,[H]C([H])([H])C([H])(C([H])([H])[H])C(C([H])([H])[H])(C([H])([H])[H])C([H])([H])[H],531.133388,533.7,0.483233037
1678917,[H]C([H])([H])C([H])([H])C1([H])C([H])([H])C([H])([H])C([H])([H])C([H])([H])C1([H])[H],606.9,609.83,0.482781348
111717,[H]C(=O)C([H])([H])C([H])([H])C([H])([H])C([H])([H])C([H])([H])C([H])([H])[H],616.75,613.78,0.481556546
592767,[H]C([H])=C([H])C([H])([H])C([H])([H])C([H])([H])C([H])([H])C([H])([H])[H],537.53,540.11,0.479973211
625274,[H]C(=C(C([H])([H])[H])C([H])([H])[H])C([H])([H])C([H])([H])[H],509.3,511.73,0.477125466
927491,[H]C([H])([H])C([H])([H])C([H])([H])C([H])([H])C([H])([H])C(=O)C([H])([H])C([H])([H])C([H])([H])C([H])([H])C([H])([H])[H],678.5,675.27,0.476050111
13475815,[H]C([H])([H])C([H])([H])C([H])([H])C(C([H])([H])[H])(C([H])([H])[H])C(C([H])([H])[H])(C([H])([H])[H])C([H])([H])[H],623.008695,620.05,0.474904287
30692161,[H]C([H])([H])C([H])([H])C([H])([H])C([H])([H])C(=O)C([H])([H])C([H])([H])C([H])([H])C([H])([H])C([H])([H])C([H])([H])C([H])([H])C([H])([H])[H],709.7,706.33,0.474848528
123820,[H]N([H])C([H])(C([H])([H])[H])C([H])([H])C([H])([H])C([H])([H])C([H])([H])C([H])([H])[H],598.0,595.18,0.471571906
994058,[H]C([H])([H])OC(C([H])([H])[H])(C([H])([H])[H])C([H])([H])C([H])([H])[H],536.2,533.7,0.466243939
352705,[H]c1c([H])c(F)c([H])c(C([H])([H])[H])c1[H],591.8,594.46,0.449476174
820291,[H]C([H])([H])C([H])([H])C([H])([H])C([H])([H])C(=O)C([H])([H])C([H])([H])C([H])([H])C([H])([H])C([H])([H])[H],661.0,658.03,0.449319213
108930,[H]OC1([H])C([H])([H])C([H])([H])C([H])([H])C([H])([H])C1([H])[H],647.1,650,0.448153299
96413,[H]OC1([H])C([H])([H])C([H])([H])C([H])([H])C1([H])[H],619.45905,622.23,0.447317704
112312,[H]C(=O)C([H])([H])C([H])([H])C([H])([H])C([H])([H])C([H])([H])C([H])([H])C([H])([H])C([H])([H])C([H])([H])[H],674.1,671.09,0.446521288
108394,[H]Oc1c([H])c([H])c([H])c(C([H])([H])[H])c1[H],705.76796,702.62,0.446033283
111820,[H]C([H])([H])OC(=O)C([H])([H])C([H])([H])C([H])([H])C([H])([H])C([H])([H])C([H])([H])C([H])([H])C([H])([H])C([H])([H])C([H])([H])C([H])([H])[H],712.1654,708.99,0.445879567
1678939,[H]C([H])([H])C([H])([H])C([H])([H])C([H])([H])C1([H])C([H])([H])C([H])([H])C([H])([H])C([H])([H])C1([H])[H],653.1,650.2,0.444036135
110838,[H]C1=C([H])C([H])([H])C([H])([H])C([H])([H])C1([H])[H],560.451454,558,0.437407019
104723,[H]c1c([H])c([H])c(C([H])([H])C([H])([H])C([H])([H])C([H])([H])C([H])([H])C([H])([H])C([H])([H])C([H])([H])C([H])([H])C([H])([H])[H])c([H])c1[H],752.0,748.74,0.433510638
131168,[H]c1c([H])c([H])c(C(=O)OC([H])([H])C([H])([H])C([H])([H])[H])c(C(=O)OC([H])([H])C([H])([H])C([H])([H])[H])c1[H],784.0,787.36,0.428571429
108189,[H]N(C([H])(C([H])([H])[H])C([H])([H])[H])C([H])(C([H])([H])[H])C([H])([H])[H],523.06,520.83,0.426337323
592278,[H]C([H])([H])C([H])([H])C([H])([H])C([H])([H])C([H])([H])C([H])(C([H])([H])[H])C([H])([H])[H],559.601284,557.23,0.423745275
22026126,[H]C([H])([H])C([H])([H])C([H])([H])C([H])([H])C([H])([H])C(=O)C([H])([H])C([H])([H])C([H])([H])C([H])([H])C([H])([H])C([H])([H])C([H])([H])[H],709.3,706.33,0.418722684
6064273,[H]C([H])([H])C([H])([H])C([H])([H])C([H])([H])C([H])([H])C(=O)C([H])([H])C([H])([H])C([H])([H])C([H])([H])C([H])([H])C([H])([H])[H],694.2,691.32,0.414866033
628808,[H]C([H])([H])OC([H])([H])C([H])([H])C([H])([H])C([H])([H])C([H])([H])[H],546.451,544.19,0.413760795
693549,[H]C([H])([H])C(=O)C([H])([H])C([H])([H])C([H])([H])C([H])([H])C([H])([H])C([H])([H])C([H])([H])C([H])([H])[H],671.8,669.03,0.412325097
108441,[H]c1c([H])c(N([H])[H])c([H])c(C([H])([H])[H])c1[H],709.1666,712.04,0.405179827
14979396,[H]OC([H])(C([H])([H])C([H])([H])[H])C([H])(C([H])([H])[H])C([H])([H])C([H])([H])C([H])([H])[H],623.45865,625.96,0.401205437
526738,[H]c1c([H])c(C([H])([H])[H])c(C([H])([H])[H])c(C([H])([H])[H])c1[H],664.4197519999999,661.76,0.400312
589980,[H]OC([H])(C([H])([H])C([H])([H])[H])C([H])([H])C([H])([H])C([H])([H])C([H])([H])C([H])([H])[H],628.408155,630.83,0.38539363
109499,[H]C([H])=C([H])C([H])([H])C([H])([H])C(=O)C([H])([H])[H],593.47,591.21,0.380811161
107131,[H]C([H])=C([H])C#N,540.0,537.99,0.372222222
112414,[H]C([H])=C([H])C([H])([H])C([H])([H])C([H])([H])C([H])([H])C([H])([H])C([H])([H])C([H])([H])C([H])([H])C([H])([H])C([H])([H])[H],657.6,655.16,0.371046229
7778850,[H]C([H])([H])OC([H])([H])C([H])(OC([H])([H])[H])C([H])([H])[H],543.0,545,0.368324125
2315686,[H]c1c([H])c([H])c(C(=O)OC([H])([H])C([H])([H])C([H])([H])[H])c([H])c1[H],710.0,707.46,0.357746479
97621,[H]C([H])([H])C([H])([H])OC(=O)C([H])(C([H])([H])[H])C([H])([H])[H],558.5810799999999,560.57,0.356066482
644495,[H]C([H])([H])C([H])([H])C([H])([H])OC(=O)C([H])(C([H])([H])[H])C([H])([H])[H],584.2928,586.36,0.35379522
627974,[H]C(=C(C([H])([H])[H])C([H])([H])[H])C([H])([H])C([H])([H])C([H])([H])C([H])([H])[H],568.9,570.88,0.348040077
501520,[H]OC(=O)C([H])([H])C([H])([H])c1c([H])c([H])c([H])c([H])c1[H],776.0,778.69,0.346649485
6137344,[H]C([H])([H])C([H])([H])C([H])([H])C([H])([H])C([H])([H])C([H])([H])C(=O)C([H])([H])C([H])([H])C([H])([H])C([H])([H])C([H])([H])C([H])([H])C([H])([H])[H],722.9,720.42,0.343062664
1706112,[H]c1c([H])c(C([H])([H])[H])c(OC([H])([H])[H])c([H])c1C([H])([H])[H],677.3,675,0.339583641
112072,[H]C([H])([H])C(=O)OC([H])([H])C([H])([H])OC([H])([H])C([H])([H])C([H])([H])C([H])([H])[H],640.7,638.53,0.338692056
624511,[H]OC([H])(C([H])([H])C([H])([H])[H])C([H])([H])C([H])([H])C([H])([H])C([H])([H])C([H])([H])C([H])([H])[H],647.9562,650.14,0.337028954
78831,[H]OC([H])([H])C([H])(C([H])([H])[H])C([H])([H])[H],547.798924,545.96,0.335693248
112129,[H]C([H])([H])C(=O)C([H])([H])C([H])([H])C([H])([H])C([H])([H])C([H])([H])C([H])([H])C([H])([H])C([H])([H])C([H])([H])[H],687.8,685.5,0.334399535
95487,[H]Oc1c([H])c([H])c([H])c([H])c1C([H])([H])[H],697.5706799999999,699.87,0.329618212
6742547,[H]c1c([H])c([H])c(C([H])([H])C([H])([H])C([H])([H])C([H])([H])C([H])([H])C([H])([H])C([H])([H])C([H])([H])C([H])([H])C([H])([H])C([H])([H])[H])c([H])c1[H],763.0,760.52,0.325032765
6765395,[H]C([H])=C([H])C([H])([H])C([H])([H])C([H])([H])C([H])([H])C([H])([H])C([H])([H])C([H])([H])C([H])([H])C([H])([H])C([H])([H])C([H])([H])C([H])([H])C([H])([H])C([H])([H])C([H])([H])[H],734.0,731.63,0.322888283
355420,FC(F)(F)C(F)(F)C(F)(F)C(F)(F)C(F)(F)C(F)(F)F,450.25228,448.8,0.322548061
563451,[H]C([H])=C([H])C([H])(C([H])([H])[H])C([H])([H])[H],452.69,454.13,0.318098478
590181,[H]/C(=C(\[H])C([H])([H])[H])C([H])([H])[H],435.64435999999995,434.28,0.313182064
1120361,[H]C([H])=C([H])C([H])([H])C([H])([H])C([H])([H])C([H])([H])C([H])([H])C([H])([H])C([H])([H])C([H])([H])C([H])([H])C([H])([H])C([H])([H])C([H])([H])[H],691.0,688.84,0.312590449
502567,[H]C([H])([H])C([H])([H])C([H])([H])C([H])([H])C(=O)C([H])([H])C([H])([H])C([H])([H])C([H])([H])[H],641.4,639.4,0.311817898
135988,[H]c1c([H])c([H])c(C([H])(C([H])([H])[H])C([H])([H])C([H])([H])[H])c([H])c1[H],652.5,654.52,0.309578544
109999,[H]C1([H])OC([H])([H])C([H])([H])C1([H])[H],540.1267799999999,538.54,0.293779175
1565817,[H]OC([H])(C([H])([H])C([H])([H])[H])C([H])([H])C([H])([H])C([H])([H])C([H])([H])C([H])([H])C([H])([H])C([H])([H])[H],666.0633889999999,667.96,0.284749324
111853,[H]C([H])([H])C([H])([H])C([H])([H])C([H])([H])C([H])([H])C([H])([H])C([H])([H])C([H])([H])Cl,643.0,641.17,0.284603421
111660,[H]C([H])=C([H])C([H])([H])C([H])([H])C([H])([H])C([H])([H])C([H])([H])C([H])([H])[H],566.58268,568.16,0.278391849
590738,[H]C([H])([H])C([H])([H])C([H])([H])C([H])([H])C(C([H])([H])[H])(C([H])([H])[H])C([H])([H])[H],549.8793400000001,551.38,0.272907144
142961,[H]C([H])([H])C([H])([H])C([H])([H])C([H])([H])OC([H])([H])C([H])([H])C([H])([H])C([H])([H])[H],584.061,585.64,0.270348474
13019200,[H]C([H])([H])C([H])([H])C([H])([H])C([H])([H])C(=O)C([H])(C([H])([H])[H])C([H])([H])[H],614.9,613.24,0.269962596
629970,[H]C([H])([H])C([H])([H])C([H])([H])C([H])([H])C([H])([H])C([H])([H])C([H])([H])C([H])([H])C([H])([H])C([H])([H])C([H])([H])C([H])([H])C([H])([H])C([H])([H])C([H])([H])C([H])([H])C([H])([H])C([H])([H])C([H])([H])C([H])([H])C([H])([H])C([H])([H])[H],785.6,787.68,0.264765784
462180,[H]C([H])([H])C([H])([H])C([H])([H])C([H])([H])C([H])([H])C([H])([H])C(=O)C([H])([H])C([H])([H])C([H])([H])C([H])([H])C([H])([H])C([H])([H])[H],708.2,706.33,0.264049703
1071267,[H]C([H])([H])C([H])([H])C([H])([H])C([H])([H])C([H])([H])C(C([H])([H])[H])(C([H])([H])[H])C([H])([H])[H],576.651,578.16,0.26168341
107879,[H]C([H])([H])C(=O)C([H])([H])C([H])([H])C([H])([H])[H],561.0409999999999,562.5,0.260052296
563791,[H]C([H])([H])C(=C(C([H])([H])[H])C([H])([H])[H])C([H])([H])[H],521.0,522.35,0.259117083
624920,[H]C([H])([H])SSC([H])([H])[H],607.8,609.37,0.258308654
112958,[H]C([H])([H])C([H])([H])C([H])([H])C([H])([H])C([H])([H])C([H])([H])C([H])([H])C([H])([H])C([H])([H])C([H])([H])C([H])([H])C([H])([H])C([H])([H])C([H])([H])C([H])([H])C([H])([H])C([H])([H])C([H])([H])C([H])([H])C([H])([H])[H],768.25,766.28,0.256426944
4390049,[H]C([H])([H])C([H])(C([H])([H])C(C([H])([H])[H])(C([H])([H])[H])C([H])([H])[H])C([H])([H])C(C([H])([H])[H])(C([H])([H])[H])C([H])([H])C(C([H])([H])[H])(C([H])([H])[H])C([H])([H])[H],691.9474,693.72,0.256175542
97858,[H]C([H])([H])C([H])(C(=O)OC([H])([H])C([H])(C([H])([H])[H])C([H])([H])[H])C([H])([H])[H],601.9259999999999,603.43,0.249864601
2189608,[H]c1c([H])c([H])c(C([H])([H])C([H])([H])C([H])([H])C([H])([H])C([H])([H])C([H])([H])C([H])([H])C([H])([H])[H])c([H])c1[H],725.0,723.19,0.249655172
598538,[H]C([H])([H])OC([H])(C([H])([H])[H])C([H])([H])[H],464.44055199999997,465.6,0.249644006
62533,[H]c1c([H])c([H])c(N([H])[H])c([H])c1[H],698.8702900000001,697.13,0.249014735
1719535,[H]C([H])([H])C([H])([H])[Si](Cl)(Cl)C([H])([H])C([H])([H])[H],595.710425,594.26,0.243478197
108678,[H]c1c(C([H])([H])[H])c([H])c(C([H])([H])[H])c([H])c1C([H])([H])[H],637.304588,638.85,0.242491899
593088,[H]C([H])([H])C(=O)C([H])([H])C([H])([H])C([H])([H])C([H])([H])C([H])([H])C([H])([H])C([H])([H])C([H])([H])C([H])([H])C([H])([H])C([H])([H])[H],717.0,715.29,0.238493724
103822,[H]OC(=O)C([H])([H])c1c([H])c([H])c([H])c([H])c1[H],766.0,767.82,0.237597911
91203,[H]c1c([H])c([H])c2c([H])c([H])c([H])c([H])c2c1[H],748.35544,746.6,0.234573026
307459,FC(F)(F)C(F)(F)C(F)(F)C(F)(F)C(F)(F)C(F)(F)C(F)(F)C(F)(F)C(F)(F)C(F)(F)F,542.3776799999999,541.11,0.233726432
582161,[H]c1c(C([H])([H])[H])c([H])c2c([H])c(C([H])([H])[H])c([H])c([H])c2c1[H],775.0,776.79,0.230967742
75978,[H]C([H])([H])C(=O)C(C([H])([H])[H])(C([H])([H])[H])C([H])([H])[H],570.92,569.63,0.225951096
75310,[H]N([H])C([H])(C([H])([H])[H])C([H])([H])[H],472.110555,473.17,0.224406125
591786,[H]C([H])([H])C(=O)C([H])([H])C([H])([H])C([H])([H])C([H])([H])[H],586.7805,588.09,0.223166925
584941,[H]C([H])([H])C([H])([H])C([H])([H])C([H])(C([H])([H])[H])C([H])(C([H])([H])[H])C([H])([H])[H],563.452054,562.2,0.222211276
584021,[H]OC([H])(C([H])([H])C([H])([H])[H])C([H])([H])C([H])([H])[H],559.561,560.8,0.22142358
589435,[H]C([H])([H])C([H])([H])C([H])(C([H])([H])[H])C([H])([H])C([H])(C([H])([H])[H])C([H])([H])[H],551.72971,550.52,0.219257723
392563,Fc1c(F)c(F)c(F)c(F)c1F,516.66,515.53,0.2187125
121448,[H]C([H])([H])C([H])([H])N(C([H])([H])C([H])([H])[H])C([H])([H])C([H])([H])[H],535.56056,534.39,0.218567252
3522949,[H]C([H])([H])C([H])(C([H])([H])[H])C([H])([H])C([H])([H])C(C([H])([H])[H])(C([H])([H])[H])C([H])([H])[H],569.8833400000001,571.11,0.215247563
137326,[H]OC([H])([H])C([H])(C([H])([H])[H])C([H])([H])C([H])([H])[H],575.4,574.25,0.199860966
7688213,[H]/C(=C(\[H])C([H])([H])C([H])([H])C([H])([H])[H])C([H])([H])[H],513.4,514.41,0.196727698
583619,[H]c1nc(C([H])([H])[H])c(C([H])([H])[H])c([H])c1[H],655.48154,656.76,0.195041343
95523,[H]c1c([H])c([H])c(C([H])([H])[H])c(F)c1[H],591.2,590.05,0.194519621
123966,[H]OC([H])(C([H])([H])[H])C([H])([H])C([H])([H])C([H])([H])C([H])([H])C([H])([H])C([H])([H])[H],629.6580299999999,630.83,0.186128016
1078713,[H]c1c([H])c([H])c(C([H])([H])C([H])([H])C([H])([H])C([H])([H])C([H])([H])C([H])([H])C([H])([H])[H])c([H])c1[H],708.0,709.27,0.179378531
104518,[H]c1c([H])c([H])c(C([H])([H])C([H])([H])C([H])([H])C([H])([H])[H])c([H])c1[H],660.48054,661.65,0.177061992
2049969,[H]c1c([H])c([H])c(C(=O)OC([H])([H])C([H])([H])C([H])([H])C([H])([H])C([H])([H])[H])c([H])c1[H],736.0,734.71,0.175271739
6175491,[H]C([H])([H])C(=O)C([H])([H])C([H])([H])C([H])([H])C([H])([H])C([H])([H])C([H])([H])C([H])([H])C([H])([H])C([H])([H])C([H])([H])[H],702.1,700.87,0.17518872
79298,[H]C([H])([H])C([H])(C([H])([H])[H])C([H])(C([H])([H])[H])C([H])([H])[H],500.061538,499.19,0.17428615
18435455,[H]C([H])=C([H])C([H])([H])C([H])([H])C([H])([H])C([H])([H])C([H])([H])C([H])([H])C([H])([H])C([H])([H])C([H])([H])C([H])([H])C([H])([H])C([H])([H])C([H])([H])C([H])([H])C([H])([H])C([H])([H])C([H])([H])[H],755.0,756.31,0.173509934
624895,[H]C([H])([H])SC([H])([H])C([H])([H])[H],532.8338980000001,533.75,0.171930127
2345279,[H]C([H])([H])C(=O)C([H])([H])C([H])([H])C([H])([H])C([H])([H])C([H])([H])C([H])([H])C([H])([H])C([H])([H])C([H])([H])C([H])([H])C([H])([H])C([H])([H])[H],727.7,728.86,0.159406349
98862,[H]c1c([H])c([H])c(C(=O)C([H])([H])[H])c([H])c1[H],709.5,708.37,0.159267089
109604,[H]C([H])([H])C(=O)OC([H])([H])C([H])([H])C([H])([H])[H],549.691,548.82,0.158452658
110123,[H]C([H])([H])C(=O)C([H])([H])C([H])([H])C([H])(C([H])([H])[H])C([H])([H])[H],604.1,605.03,0.153948022
108087,[H]C([H])([H])C([H])(C([H])([H])[H])C([H])([H])C([H])(C([H])([H])[H])C([H])([H])[H],519.7499740000001,518.95,0.153915159
66251,[H]C(=O)C([H])([H])C([H])([H])C([H])([H])C([H])([H])C([H])([H])[H],591.9,591.02,0.148673762
75343,[H]C([H])([H])C([H])(Cl)Cl,523.36,524.12,0.14521553
452675,[H]c1c([H])c(F)c(C([H])([H])[H])c([H])c1F,587.8,588.65,0.144607009
75730,FC(F)(F)F,227.53538999999998,227.21,0.143006325
620177,[H]Oc1c([H])c([H])c([H])c(C([H])([H])C([H])([H])[H])c1[H],716.4640099999999,715.44,0.142925532
13360617,[H]C([H])=C([H])C([H])([H])C([H])([H])C([H])([H])C([H])([H])C([H])([H])C([H])([H])C([H])([H])C([H])([H])C([H])([H])C([H])([H])C([H])([H])C([H])([H])C([H])([H])[H],705.0,704,0.141843972
821556,[H]C([H])([H])C(=O)C([H])([H])C([H])([H])C([H])([H])C([H])([H])C([H])([H])C([H])([H])C([H])([H])[H],652.2,651.29,0.139527752
111433,[H]C([H])([H])C([H])([H])C([H])([H])OC([H])([H])C([H])([H])C([H])([H])[H],531.35003,530.61,0.139273541
123386,[H]C(=O)C([H])([H])C([H])([H])[H],504.4,505.1,0.138778747
1634044,[H]C([H])([H])OC(C([H])([H])[H])(C([H])([H])[H])C([H])([H])[H],496.735,496.06,0.135887344
91576,[H]c1c([H])c([H])c2c([H])c(C([H])([H])[H])c([H])c([H])c2c1[H],761.1524,762.18,0.135005815
556672,[H]C([H])([H])[Si]1(C([H])([H])[H])O[Si](C([H])([H])[H])(C([H])([H])[H])O[Si](C([H])([H])[H])(C([H])([H])[H])O[Si](C([H])([H])[H])(C([H])([H])[H])O1,586.061,586.85,0.134627624
541731,[H]c1c([H])c(Cl)c([H])c(Cl)c1[H],685.7,686.58,0.128336007
590352,[H]C([H])([H])C([H])([H])C([H])([H])C(C([H])([H])[H])(C([H])([H])[H])C([H])([H])[H],520.460187,521.09,0.121010793
90120,[H]c1c([H])c([H])c2c(C([H])([H])[H])c([H])c([H])c([H])c2c1[H],770.1506,769.24,0.118236615
75503,[H]C([H])([H])N(C([H])([H])[H])C([H])([H])[H],432.752721,433.25,0.114910658
629925,[H]C([H])([H])C([H])([H])C([H])([H])C([H])([H])C([H])([H])C([H])([H])C([H])([H])C([H])([H])C([H])([H])C([H])([H])C([H])([H])C([H])([H])C([H])([H])C([H])([H])C([H])([H])C([H])([H])C([H])([H])C([H])([H])C([H])([H])[H],755.65,754.79,0.113809303
307346,FC(F)(F)C(F)(F)C(F)(F)C(F)(F)C(F)(F)C(F)(F)C(F)(F)C(F)(F)F,500.08,499.53,0.109982403
6789884,[H]c1c([H])c([H])c(C(=O)OC([H])([H])C([H])([H])C([H])([H])C([H])([H])C([H])([H])C([H])([H])[H])c([H])c1[H],748.0,747.21,0.105614973
104767,[H]OC([H])([H])C([H])(C([H])([H])C([H])([H])[H])C([H])([H])C([H])([H])C([H])([H])C([H])([H])[H],640.15698,640.83,0.105133588
626937,[H]OC([H])(C([H])([H])[H])C([H])([H])C([H])([H])C([H])([H])C([H])([H])[H],585.971,586.57,0.102223489
111137,[H]C([H])([H])C(=O)C([H])([H])C([H])([H])C([H])([H])C([H])([H])C([H])([H])C([H])([H])[H],632.7,632.08,0.09799273
3221612,[H]C([H])([H])C([H])([H])C([H])([H])C([H])([H])C([H])([H])C([H])([H])C([H])(C([H])([H])[H])C([H])([H])[H],582.831,583.38,0.094195401
540841,[H]C([H])([H])C([H])(C([H])([H])[H])C([H])([H])C(C([H])([H])[H])(C([H])([H])[H])C([H])([H])[H],543.961,543.45,0.093940558
124118,[H]C([H])=C([H])C([H])([H])C([H])([H])C([H])([H])C([H])([H])C([H])([H])C([H])([H])C([H])([H])[H],593.7,593.16,0.090955028
628999,[H]OC([H])(C([H])([H])[H])C([H])([H])C([H])([H])C([H])([H])C([H])([H])C([H])([H])C([H])([H])C([H])([H])[H],649.556035,650.14,0.089902174
35161707,[H]N(C([H])([H])[H])C([H])([H])C([H])([H])C([H])([H])C([H])([H])C([H])([H])C([H])([H])[H],592.0,592.53,0.089527027
592132,[H]C([H])([H])C([H])(C([H])([H])[H])C([H])([H])C([H])([H])C([H])(C([H])([H])[H])C([H])([H])[H],549.999364,549.51,0.088975376
557175,[H]C([H])([H])OC([H])([H])C([H])([H])C([H])([H])[H],476.21,476.63,0.088196384
1120065,[H]OC([H])(C([H])([H])[H])C([H])([H])C([H])([H])C([H])([H])C([H])([H])C([H])([H])C([H])([H])C([H])([H])C([H])([H])[H],668.543141,667.96,0.087225635
15870107,[H]C([H])=C(C([H])([H])[H])C([H])([H])C([H])([H])C([H])([H])C([H])([H])C([H])([H])[H],567.5,567.02,0.084581498
121697,[H]c1c([H])c([H])c(N(C([H])([H])[H])C([H])([H])[H])c([H])c1[H],687.7230900000001,687.15,0.083331505
75569,[H]C([H])([H])C1([H])OC1([H])[H],488.11,488.5,0.079900023
6032297,[H]OC([H])(C([H])([H])[H])C([H])([H])C([H])([H])C([H])([H])[H],560.361,560.8,0.078342354
95932,[H]c1c(C([H])([H])[H])c(C([H])([H])[H])c([H])c(C([H])([H])[H])c1C([H])([H])[H],675.677,675.15,0.077995847
1077163,[H]c1c([H])c([H])c(C([H])([H])C([H])([H])C([H])([H])C([H])([H])C([H])([H])C([H])([H])[H])c([H])c1[H],695.0,694.46,0.077697842
763699,[H]C([H])([H])C([H])([H])OC(=O)C([H])([H])C([H])([H])OC([H])([H])C([H])([H])[H],618.7,619.17,0.075965735
123079,[H]Oc1c([H])c([H])c(C([H])([H])C([H])([H])[H])c([H])c1[H],716.4640099999999,717,0.074810457
109068,[H]c1nc(C([H])([H])[H])c([H])c([H])c1[H],621.4433436,620.99,0.072950111
101815,[H]c1c([H])c([H])c(C([H])([H])c2c([H])c([H])c([H])c([H])c2[H])c([H])c1[H],770.1506,769.62,0.068895616
123864,[H]C([H])([H])C(=O)OC([H])([H])C([H])([H])C([H])([H])C([H])([H])[H],575.55,575.89,0.059073929
75525,[H]C([H])([H])[N+](=O)[O-],588.1855,587.84,0.058739972
2437561,[H]C([H])=C([H])C([H])([H])C([H])([H])C([H])([H])C([H])([H])C([H])([H])C([H])([H])C([H])([H])C([H])([H])C([H])([H])C([H])([H])C([H])([H])[H],673.0,672.61,0.05794948
108996,[H]c1nc([H])c(C([H])([H])[H])c([H])c1[H],644.69183,645,0.047801133
629947,[H]C([H])([H])C([H])([H])C([H])([H])C([H])([H])C([H])([H])C([H])([H])C([H])([H])C([H])([H])C([H])([H])C([H])([H])C([H])([H])C([H])([H])C([H])([H])C([H])([H])C([H])([H])C([H])([H])C([H])([H])C([H])([H])C([H])([H])C([H])([H])C([H])([H])[H],777.6,777.23,0.047582305
124174,[H]C([H])([H])C(=O)OC([H])([H])C([H])([H])OC([H])([H])C([H])([H])OC([H])([H])C([H])([H])C([H])([H])C([H])([H])[H],687.45,687.77,0.04654884
565753,[H]C([H])([H])C([H])(C([H])([H])[H])C([H])(C([H])([H])[H])C([H])(C([H])([H])[H])C([H])([H])[H],566.3726379999999,566.11,0.046371944
872059,[H]C([H])=C([H])C([H])([H])C([H])([H])C([H])([H])C([H])([H])C([H])([H])C([H])([H])C([H])([H])C([H])([H])[H],616.0,615.72,0.045454545
108894,[H]c1nc([H])c([H])c(C([H])([H])[H])c1[H],645.8643906000001,646.15,0.044221271
110430,[H]C([H])([H])C(=O)C([H])([H])C([H])([H])C([H])([H])C([H])([H])C([H])([H])[H],611.4,611.13,0.044160942
106445,[H]Oc1c([H])c([H])c(C([H])([H])[H])c([H])c1[H],704.56844,704.27,0.042357844
76164,FC(F)(F)C(F)(F)F,292.921789,292.8,0.04157731
628284,[H]C([H])([H])OC([H])([H])C([H])([H])C([H])([H])C([H])([H])[H],512.68,512.86,0.03510962
628637,[H]C([H])([H])C(=O)OC([H])([H])C([H])([H])C([H])([H])C([H])([H])C([H])([H])[H],599.9,600.11,0.035005834
95636,[H]c1c([H])c(C([H])([H])[H])c(C([H])([H])[H])c([H])c1C([H])([H])[H],649.0878190000001,649.3,0.032689105
1186534,[H]C([H])([H])C([H])(C([H])([H])[H])C([H])(C([H])([H])[H])C(C([H])([H])[H])(C([H])([H])[H])C([H])([H])[H],592.610735,592.42,0.032185546
629732,[H]C([H])=C([H])C([H])([H])C([H])([H])C([H])([H])C([H])([H])C([H])([H])C([H])([H])C([H])([H])C([H])([H])C([H])([H])C([H])([H])C([H])([H])C([H])([H])C([H])([H])C([H])([H])[H],718.0,718.23,0.032033426
75376,[H]C([H])([H])C([H])(F)F,386.435856,386.54,0.02694988
76142,FC(F)(Cl)C(F)(F)Cl,418.745244,418.85,0.025016642
335579,FC(F)(F)C(F)(F)C(F)(F)C(F)(F)C(F)(F)C(F)(F)C(F)(F)F,475.654,475.55,0.021864633
1678928,[H]C([H])([H])C([H])([H])C([H])([H])C1([H])C([H])([H])C([H])([H])C([H])([H])C([H])([H])C1([H])[H],630.8,630.89,0.014267597
306945,FC1(F)C(F)(F)C(F)(F)C2(F)C(F)(F)C(F)(F)C(F)(F)C(F)(F)C2(F)C1(F)F,565.11,565.18,0.012386969
1691174,[H]C(F)(F)OC([H])(F)F,420.25,420.2,0.01189768
111342,[H]C([H])=C([H])OC([H])([H])C([H])([H])C([H])([H])C([H])([H])[H],540.5,540.56,0.011100833
543497,[H]OC([H])(C([H])([H])[H])C([H])([H])C([H])([H])C([H])([H])C([H])([H])C([H])([H])[H],609.80993,609.76,0.008187797
544105,[H]C([H])([H])C([H])([H])C([H])([H])C([H])([H])C([H])([H])C([H])([H])Cl,599.0,599.04,0.006677796
108485,[H]c1c(C([H])([H])[H])nc(C([H])([H])[H])c([H])c1[H],623.78594,623.75,0.005761592
564023,[H]C([H])([H])C([H])([H])C([H])(C([H])([H])[H])C(C([H])([H])[H])(C([H])([H])[H])C([H])([H])[H],563.462056,563.43,0.005689114
367237,[H]c1c([H])c(F)c(F)c([H])c1F,551.1,551.08,0.003629105
76131,FC(F)(Cl)C(F)(Cl)Cl,487.23432,487.25,0.003218164
112345,[H]OC([H])([H])C([H])([H])OC([H])([H])C([H])([H])OC([H])([H])C([H])([H])C([H])([H])C([H])([H])[H],692.3,692.28,0.002888921
100470,[H]c1c([H])c([H])c(C#N)c([H])c1[H],699.37014,699.35,0.002879734
91225,[H]c1nc2c([H])c([H])c([H])c([H])c2c([H])c1[H],782.1482,782.15,0.000230135
119653,[H]c1nc([H])c2c([H])c([H])c([H])c([H])c2c1[H],803.1489999999999,803.15,0.00012451
